run,nearest_neighbor_chamfer,mean_10_nn_chamfer,mean_all_chamfer,medoid_chamfer,medoid_run,ood_score
1,0.007728395517915487,0.008212374523282051,0.014261526055634022,0.012437675148248672,294,0.008212374523282051
2,0.007664899807423353,0.008202708326280117,0.012909170240163803,0.0117068812251091,294,0.008202708326280117
3,0.007015416398644447,0.007785084191709757,0.014882386662065983,0.0125005804002285,294,0.007785084191709757
4,0.006997725926339626,0.007555538322776556,0.012383533641695976,0.007999238558113575,294,0.007555538322776556
5,0.007902598939836025,0.008317304775118828,0.01508842408657074,0.013258375227451324,294,0.008317304775118828
6,0.0070487139746546745,0.008031521923840046,0.011926145292818546,0.008692706935107708,294,0.008031521923840046
7,0.00693513685837388,0.0073768338188529015,0.014092350378632545,0.011230621486902237,294,0.0073768338188529015
8,0.007733411155641079,0.00816173292696476,0.014925297349691391,0.013717438094317913,294,0.00816173292696476
9,0.007255421951413155,0.007551925722509623,0.012757613323628902,0.011809422634541988,294,0.007551925722509623
10,0.00789411086589098,0.008082995191216469,0.013038849458098412,0.00977280829101801,294,0.008082995191216469
11,0.008024632930755615,0.008651791140437126,0.013939721509814262,0.012808147817850113,294,0.008651791140437126
12,0.00727294385433197,0.00773902703076601,0.012483862228691578,0.009697002358734608,294,0.00773902703076601
13,0.007272020913660526,0.007541449274867773,0.012996809557080269,0.008965196087956429,294,0.007541449274867773
14,0.007471530232578516,0.008153184317052364,0.013021936640143394,0.011648672632873058,294,0.008153184317052364
15,0.007168072275817394,0.007896794937551022,0.012682412751019001,0.010203680023550987,294,0.007896794937551022
16,0.007748429197818041,0.008129313588142395,0.013905240222811699,0.010548735968768597,294,0.008129313588142395
17,0.007289710454642773,0.00791021715849638,0.014032517559826374,0.013342821970582008,294,0.00791021715849638
18,0.006974077317863703,0.00795731134712696,0.014629524201154709,0.010785248130559921,294,0.00795731134712696
19,0.00737164169549942,0.007990507408976555,0.014471451751887798,0.012441612780094147,294,0.007990507408976555
20,0.007422759663313627,0.007922740653157234,0.012491573579609394,0.008519532158970833,294,0.007922740653157234
21,0.00709755951538682,0.007848331704735756,0.01289029885083437,0.010429523885250092,294,0.007848331704735756
22,0.007199769373983145,0.007722700946033001,0.011888345703482628,0.008776996284723282,294,0.007722700946033001
23,0.007532700430601835,0.007921579293906689,0.013541990891098976,0.010390311479568481,294,0.007921579293906689
24,0.0075135985389351845,0.00828961469233036,0.014589294791221619,0.014523287303745747,294,0.00828961469233036
25,0.007920104078948498,0.008761165663599968,0.016238275915384293,0.015917280688881874,294,0.008761165663599968
26,0.007575778756290674,0.007794989738613367,0.011827322654426098,0.007973658852279186,294,0.007794989738613367
27,0.007076209876686335,0.00784569513052702,0.01639395020902157,0.013411223888397217,294,0.00784569513052702
28,0.007739785593003035,0.008414610289037228,0.014245412312448025,0.013596558012068272,294,0.008414610289037228
29,0.0076815346255898476,0.008371112868189812,0.015210100449621677,0.011812552809715271,294,0.008371112868189812
30,0.007743602618575096,0.007991025224328041,0.013702129945158958,0.012982137501239777,294,0.007991025224328041
31,0.007485717069357634,0.00799345038831234,0.012806684710085392,0.010439479723572731,294,0.00799345038831234
32,0.007131264545023441,0.007737527601420879,0.013650596141815186,0.011077373288571835,294,0.007737527601420879
33,0.007574280723929405,0.007976179011166096,0.013188943266868591,0.011190058663487434,294,0.007976179011166096
34,0.007321704179048538,0.008255972526967525,0.01416583452373743,0.013094612397253513,294,0.008255972526967525
35,0.00746291084215045,0.008180354721844196,0.01318647712469101,0.010989734902977943,294,0.008180354721844196
36,0.007331960368901491,0.0077897049486637115,0.012653619982302189,0.009535702876746655,294,0.0077897049486637115
37,0.006878306623548269,0.007992558181285858,0.01483813114464283,0.012622697278857231,294,0.007992558181285858
38,0.007216934580355883,0.007996181026101112,0.012061328627169132,0.009241960011422634,294,0.007996181026101112
39,0.0077361236326396465,0.00840417854487896,0.014964241534471512,0.011535460129380226,294,0.00840417854487896
40,0.007408876903355122,0.007991618476808071,0.013754652813076973,0.012711020186543465,294,0.007991618476808071
41,0.007660582661628723,0.008226067759096622,0.014506381936371326,0.014615525491535664,294,0.008226067759096622
42,0.006929978262633085,0.00739819323644042,0.01229726243764162,0.007422067224979401,294,0.00739819323644042
43,0.00794073473662138,0.00832408107817173,0.013721857219934464,0.010084155946969986,294,0.00832408107817173
44,0.00732328649610281,0.00776233384385705,0.01232525147497654,0.00972388219088316,294,0.00776233384385705
45,0.007921513170003891,0.008382773026823997,0.012798807583749294,0.009689154103398323,294,0.008382773026823997
46,0.007792997639626265,0.008158780634403229,0.013262392953038216,0.011538083665072918,294,0.008158780634403229
47,0.007184433285146952,0.007991562597453594,0.013408348895609379,0.01073254644870758,294,0.007991562597453594
48,0.007029158994555473,0.007727284915745258,0.014108650386333466,0.012053282000124454,294,0.007727284915745258
49,0.0075493198819458485,0.008368716575205326,0.014957522042095661,0.013698498718440533,294,0.008368716575205326
50,0.0070931329391896725,0.007763892412185669,0.012690161354839802,0.008022438734769821,294,0.007763892412185669
51,0.007533975876867771,0.007985441014170647,0.015239845961332321,0.014108565635979176,294,0.007985441014170647
52,0.00725707458332181,0.007726764772087336,0.012599979527294636,0.009950464591383934,294,0.007726764772087336
53,0.007356319576501846,0.008459018543362617,0.01569417677819729,0.011601983569562435,294,0.008459018543362617
54,0.007650733459740877,0.007913883775472641,0.012465834617614746,0.011255497112870216,294,0.007913883775472641
55,0.007016252260655165,0.0075194574892520905,0.012479572556912899,0.00942949764430523,294,0.0075194574892520905
56,0.00704995496198535,0.008184889331459999,0.014749651774764061,0.011597029864788055,294,0.008184889331459999
57,0.007801860570907593,0.008126075379550457,0.01392390951514244,0.013505974784493446,294,0.008126075379550457
58,0.00716890674084425,0.008085156790912151,0.012456921860575676,0.009097958914935589,294,0.008085156790912151
59,0.007236821576952934,0.00767323886975646,0.012966386042535305,0.009074924513697624,294,0.00767323886975646
60,0.007426557131111622,0.008167689666152,0.013767154887318611,0.012737604789435863,294,0.008167689666152
61,0.00735390605404973,0.00787247996777296,0.01379450410604477,0.01129736378788948,294,0.00787247996777296
62,0.00727149099111557,0.0081231240183115,0.016047663986682892,0.013682506047189236,294,0.0081231240183115
63,0.007262872532010078,0.008030381053686142,0.015138298273086548,0.013814812526106834,294,0.008030381053686142
64,0.0074022309854626656,0.007811641786247492,0.012393932789564133,0.009733350947499275,294,0.007811641786247492
65,0.007899971678853035,0.009302036836743355,0.017681701108813286,0.016726667061448097,294,0.009302036836743355
66,0.007321704179048538,0.0077241696417331696,0.012905162759125233,0.011428514495491982,294,0.0077241696417331696
67,0.007015416398644447,0.008072501048445702,0.01560369972139597,0.013476140797138214,294,0.008072501048445702
68,0.00737770413979888,0.007777781691402197,0.012523147277534008,0.00961744412779808,294,0.007777781691402197
69,0.007328914478421211,0.008150222711265087,0.013534970581531525,0.009832705371081829,294,0.008150222711265087
70,0.007216934580355883,0.007653999142348766,0.011416745372116566,0.008235152810811996,294,0.007653999142348766
71,0.00693513685837388,0.007452091667801142,0.014121947810053825,0.011374661698937416,294,0.007452091667801142
72,0.00810476578772068,0.008460099808871746,0.015231290832161903,0.01484975591301918,294,0.008460099808871746
73,0.00732036679983139,0.008016707375645638,0.012935783714056015,0.012074887752532959,294,0.008016707375645638
74,0.006929978262633085,0.007553833071142435,0.012680578045547009,0.00794018991291523,294,0.007553833071142435
75,0.008112262934446335,0.008683102205395699,0.01564272865653038,0.014364113099873066,294,0.008683102205395699
76,0.007272126618772745,0.007746163755655289,0.013457264751195908,0.01175136398524046,294,0.007746163755655289
77,0.007377350702881813,0.008025207556784153,0.014657053165137768,0.01114897895604372,294,0.008025207556784153
78,0.007906965911388397,0.008321365341544151,0.013355656526982784,0.012093381024897099,294,0.008321365341544151
79,0.007168072275817394,0.0077778929844498634,0.013301125727593899,0.01121202576905489,294,0.0077778929844498634
80,0.007029158994555473,0.008164644241333008,0.015172239392995834,0.013183604925870895,294,0.008164644241333008
81,0.007289710454642773,0.00804672297090292,0.013720928691327572,0.013072694651782513,294,0.00804672297090292
82,0.00742846354842186,0.008091253228485584,0.014444136060774326,0.010362955741584301,294,0.008091253228485584
83,0.007215574383735657,0.008206847123801708,0.015233112499117851,0.014003067277371883,294,0.008206847123801708
84,0.0071235946379601955,0.007794229779392481,0.012015723623335361,0.007884299382567406,294,0.007794229779392481
85,0.0073935892432928085,0.008155920542776585,0.014268298633396626,0.010605338029563427,294,0.008155920542776585
86,0.007128113880753517,0.007635907270014286,0.011721073649823666,0.008716939017176628,294,0.007635907270014286
87,0.007421648595482111,0.007791603449732065,0.012465130537748337,0.009543664753437042,294,0.007791603449732065
88,0.008227044716477394,0.008690702728927135,0.015275741927325726,0.014855543151497841,294,0.008690702728927135
89,0.0078089796006679535,0.008282346650958061,0.015326397493481636,0.015156183391809464,294,0.008282346650958061
90,0.007243150379508734,0.007883479818701744,0.01241093035787344,0.00924257654696703,294,0.007883479818701744
91,0.007236821576952934,0.007733125239610672,0.0130575280636549,0.008879030123353004,294,0.007733125239610672
92,0.0075300103053450584,0.007982633076608181,0.012791876681149006,0.011037178337574005,294,0.007982633076608181
93,0.007604099810123444,0.008032404817640781,0.012598326429724693,0.009430584497749805,294,0.008032404817640781
94,0.007419634144753218,0.007899288088083267,0.0137760229408741,0.010225353762507439,294,0.007899288088083267
95,0.007262872532010078,0.008204394951462746,0.01450358983129263,0.012860476039350033,294,0.008204394951462746
96,0.007131264545023441,0.007699331734329462,0.012736286967992783,0.010243520140647888,294,0.007699331734329462
97,0.007236088626086712,0.007701294030994177,0.01206196378916502,0.009662138298153877,294,0.007701294030994177
98,0.007138621993362904,0.008493873290717602,0.015391053631901741,0.01217359397560358,294,0.008493873290717602
99,0.007595756556838751,0.007934299297630787,0.013105056248605251,0.011007900349795818,294,0.007934299297630787
100,0.007255718111991882,0.00801815651357174,0.014192561618983746,0.011416600085794926,294,0.00801815651357174
101,0.006878306623548269,0.007573374547064304,0.013602484948933125,0.011249125935137272,294,0.007573374547064304
102,0.007859318517148495,0.008549843914806843,0.012963919900357723,0.011581948027014732,294,0.008549843914806843
103,0.0071615735068917274,0.007783888839185238,0.012624602764844894,0.00850085448473692,294,0.007783888839185238
104,0.007528661284595728,0.008011577650904655,0.013279614970088005,0.012293501757085323,294,0.008011577650904655
105,0.007806309498846531,0.00888421107083559,0.01802387647330761,0.017503418028354645,294,0.00888421107083559
106,0.007402185350656509,0.0077142780646681786,0.011473549529910088,0.0076649608090519905,294,0.0077142780646681786
107,0.00682754535228014,0.007741028908640146,0.016962092369794846,0.01400468684732914,294,0.007741028908640146
108,0.00732328649610281,0.007827435620129108,0.012570531107485294,0.010349469259381294,294,0.007827435620129108
109,0.007210479583591223,0.00807506125420332,0.016547173261642456,0.014349141158163548,294,0.00807506125420332
110,0.007583545986562967,0.008101431652903557,0.014226308092474937,0.01362711563706398,294,0.008101431652903557
111,0.007475987542420626,0.008049068972468376,0.012614713050425053,0.010824508965015411,294,0.008049068972468376
112,0.007786676287651062,0.008593817241489887,0.014478951692581177,0.011468341574072838,294,0.008593817241489887
113,0.007399023976176977,0.00779272336512804,0.013462251983582973,0.012396988458931446,294,0.00779272336512804
114,0.0070931329391896725,0.007703357841819525,0.012701851315796375,0.008444128558039665,294,0.007703357841819525
115,0.00814863108098507,0.008495008572936058,0.015504365786910057,0.01339217834174633,294,0.008495008572936058
116,0.00725707458332181,0.00791118573397398,0.012560060247778893,0.010066531598567963,294,0.00791118573397398
117,0.0071696266531944275,0.007923099212348461,0.012981140054762363,0.008860908448696136,294,0.007923099212348461
118,0.007590890862047672,0.007903246209025383,0.012662474997341633,0.011287943460047245,294,0.007903246209025383
119,0.007351002190262079,0.007800257299095392,0.01318250223994255,0.010455300100147724,294,0.007800257299095392
120,0.00742400111630559,0.008443804457783699,0.014922503381967545,0.01188939344137907,294,0.008443804457783699
121,0.008004759438335896,0.00863601453602314,0.01671130768954754,0.017270609736442566,294,0.00863601453602314
122,0.00716890674084425,0.007925684563815594,0.011855372227728367,0.008359050378203392,294,0.007925684563815594
123,0.007244161330163479,0.007771099451929331,0.014508063904941082,0.011067783460021019,294,0.007771099451929331
124,0.007426557131111622,0.008270668797194958,0.013681478798389435,0.012708808295428753,294,0.008270668797194958
125,0.007991639897227287,0.008431966416537762,0.012301960028707981,0.009633178822696209,294,0.008431966416537762
126,0.006997725926339626,0.0074834199622273445,0.012627854011952877,0.008179934695363045,294,0.0074834199622273445
127,0.007414103485643864,0.008053201250731945,0.013766865245997906,0.011576639488339424,294,0.008053201250731945
128,0.0073508694767951965,0.007750173099339008,0.013205697759985924,0.01169018168002367,294,0.007750173099339008
129,0.00827991496771574,0.009146420285105705,0.01793457381427288,0.018164940178394318,294,0.009146420285105705
130,0.007117914967238903,0.007514071650803089,0.012447637505829334,0.008598186075687408,294,0.007514071650803089
131,0.007089621853083372,0.008014225400984287,0.01578625664114952,0.012981177307665348,294,0.008014225400984287
132,0.0074038151651620865,0.007649869658052921,0.011650972999632359,0.009467394091188908,294,0.007649869658052921
133,0.007234418299049139,0.008186964318156242,0.014246162958443165,0.012860838323831558,294,0.008186964318156242
134,0.007319912314414978,0.007827108725905418,0.013610228896141052,0.00926536787301302,294,0.007827108725905418
135,0.007184433285146952,0.007920279167592525,0.014493459835648537,0.012517143972218037,294,0.007920279167592525
136,0.007169903255999088,0.007786741945892572,0.013407652266323566,0.010646877810359001,294,0.007786741945892572
137,0.007258321158587933,0.007660922594368458,0.013189520686864853,0.011009966023266315,294,0.007660922594368458
138,0.007528725080192089,0.008535800501704216,0.015467018820345402,0.0136803537607193,294,0.008535800501704216
139,0.007804287131875753,0.008095014840364456,0.012036061845719814,0.008808726444840431,294,0.008095014840364456
140,0.007528661284595728,0.008014867082238197,0.014024332165718079,0.013486471027135849,294,0.008014867082238197
141,0.0076181297190487385,0.008059258572757244,0.013178919441998005,0.011442897841334343,294,0.008059258572757244
142,0.007255718111991882,0.008366065099835396,0.015584129840135574,0.013536965474486351,294,0.008366065099835396
143,0.007244161330163479,0.0077858916483819485,0.015079036355018616,0.011215356178581715,294,0.0077858916483819485
144,0.007879692129790783,0.008193817920982838,0.013401731848716736,0.012117517180740833,294,0.008193817920982838
145,0.007754521444439888,0.008031482808291912,0.013370172120630741,0.010379240848124027,294,0.008031482808291912
146,0.007109455298632383,0.0077047767117619514,0.011827738024294376,0.008786119520664215,294,0.0077047767117619514
147,0.007517649792134762,0.007907865568995476,0.013364351354539394,0.010243547149002552,294,0.007907865568995476
148,0.00730321928858757,0.00818699412047863,0.013866380788385868,0.012639976106584072,294,0.00818699412047863
149,0.007449118886142969,0.008192474953830242,0.014236274175345898,0.012239932082593441,294,0.008192474953830242
150,0.007624419406056404,0.008031707257032394,0.012880336493253708,0.009208254516124725,294,0.008031707257032394
151,0.0074800048023462296,0.00796361081302166,0.014051072299480438,0.01241043210029602,294,0.00796361081302166
152,0.007679597474634647,0.008304117247462273,0.01233286689966917,0.010025463066995144,294,0.008304117247462273
153,0.007117534056305885,0.007853408344089985,0.012244995683431625,0.009197039529681206,294,0.007853408344089985
154,0.007769025396555662,0.008504548110067844,0.01340754609555006,0.012786808423697948,294,0.008504548110067844
155,0.007517652586102486,0.007924696430563927,0.012930427677929401,0.009703509509563446,294,0.007924696430563927
156,0.007116441614925861,0.008163250051438808,0.013930654153227806,0.01103104930371046,294,0.008163250051438808
157,0.00754411518573761,0.0080462247133255,0.015469151549041271,0.011506479233503342,294,0.0080462247133255
158,0.007188763003796339,0.007862688042223454,0.011920188553631306,0.00957093108445406,294,0.007862688042223454
159,0.007352693006396294,0.007588472217321396,0.012624114751815796,0.00908483937382698,294,0.007588472217321396
160,0.00776074081659317,0.00824518222361803,0.012694187462329865,0.0111953504383564,294,0.00824518222361803
161,0.0078089796006679535,0.008488941006362438,0.015854377299547195,0.015912597998976707,294,0.008488941006362438
162,0.0075168609619140625,0.008070624433457851,0.012233732268214226,0.009402765892446041,294,0.008070624433457851
163,0.007121085189282894,0.00779604772105813,0.014724766835570335,0.010908115655183792,294,0.00779604772105813
164,0.007605798076838255,0.008170006796717644,0.014518165029585361,0.013678439892828465,294,0.008170006796717644
165,0.007255421951413155,0.008022504858672619,0.012358163483440876,0.010883649811148643,294,0.008022504858672619
166,0.007412003353238106,0.00786091573536396,0.013024275191128254,0.009572219103574753,294,0.00786091573536396
168,0.007054094225168228,0.007826093584299088,0.01326141506433487,0.011026142165064812,294,0.007826093584299088
169,0.007104349322617054,0.007841765880584717,0.012905323877930641,0.01092760544270277,294,0.007841765880584717
170,0.007479182910174131,0.007738044951111078,0.01238956768065691,0.010189993306994438,294,0.007738044951111078
171,0.007240063510835171,0.008090833202004433,0.015046225860714912,0.012504062615334988,294,0.008090833202004433
172,0.007513518910855055,0.008009386248886585,0.013861234299838543,0.01087217591702938,294,0.008009386248886585
173,0.008071196265518665,0.008775927126407623,0.01578478515148163,0.014284001663327217,294,0.008775927126407623
174,0.007161959074437618,0.007640110794454813,0.011570045724511147,0.007693952415138483,294,0.007640110794454813
175,0.006949230562895536,0.00749728549271822,0.013526778668165207,0.010094771161675453,294,0.00749728549271822
176,0.00755798164755106,0.008631507866084576,0.01593189872801304,0.015174477361142635,294,0.008631507866084576
177,0.006958399899303913,0.007605919148772955,0.01375752966850996,0.010917644947767258,294,0.007605919148772955
178,0.007574326824396849,0.0082119544968009,0.01206017192453146,0.009825958870351315,294,0.0082119544968009
179,0.006889939308166504,0.007613669149577618,0.015205398201942444,0.013129227794706821,294,0.007613669149577618
180,0.007513790857046843,0.007986382581293583,0.014341077767312527,0.013444850221276283,294,0.007986382581293583
181,0.007122557144612074,0.00827045552432537,0.013862392865121365,0.010927940718829632,294,0.00827045552432537
182,0.0069560883566737175,0.007554186042398214,0.011905457824468613,0.0076595935970544815,294,0.007554186042398214
183,0.007472744677215815,0.00786261260509491,0.014046372845768929,0.01077428087592125,294,0.00786261260509491
184,0.007320270407944918,0.008266260847449303,0.013955021277070045,0.012409997172653675,294,0.008266260847449303
185,0.007589442189782858,0.007813733071088791,0.013297122903168201,0.011989208869636059,294,0.007813733071088791
186,0.00804114155471325,0.008672915399074554,0.01421697624027729,0.01244206354022026,294,0.008672915399074554
187,0.0075040594674646854,0.00810893066227436,0.013487660326063633,0.011976678855717182,294,0.00810893066227436
188,0.007271136622875929,0.008022410795092583,0.013143204152584076,0.009852004237473011,294,0.008022410795092583
189,0.007388683967292309,0.008415321819484234,0.014456606470048428,0.010246546939015388,294,0.008415321819484234
190,0.00739008653908968,0.007750241551548243,0.011856336146593094,0.008500698953866959,294,0.007750241551548243
191,0.007846078835427761,0.00860566832125187,0.014111561700701714,0.011586986482143402,294,0.00860566832125187
192,0.0072663649916648865,0.00789980124682188,0.013509616255760193,0.013083738274872303,294,0.00789980124682188
193,0.007972725667059422,0.008439923636615276,0.014134031720459461,0.01302702073007822,294,0.008439923636615276
194,0.007457938976585865,0.0077846841886639595,0.011612262576818466,0.008898996748030186,294,0.0077846841886639595
195,0.007451588753610849,0.007862558588385582,0.01400060672312975,0.00961576122790575,294,0.007862558588385582
196,0.0074038151651620865,0.007677638437598944,0.012311350554227829,0.010332256555557251,294,0.007677638437598944
197,0.007234418299049139,0.007904493249952793,0.013269266113638878,0.0119879599660635,294,0.007904493249952793
198,0.007022863253951073,0.007818627171218395,0.013092252425849438,0.009393091313540936,294,0.007818627171218395
199,0.007465069182217121,0.008016182109713554,0.01354184839874506,0.012372123077511787,294,0.008016182109713554
200,0.0077188704162836075,0.008143464103341103,0.013287875801324844,0.010771489702165127,294,0.008143464103341103
201,0.007104349322617054,0.0075347512029111385,0.013289076276123524,0.011411625891923904,294,0.0075347512029111385
202,0.007664899807423353,0.00801150593906641,0.012648693285882473,0.01068310160189867,294,0.00801150593906641
203,0.007368776015937328,0.008001024834811687,0.012588891200721264,0.009533698670566082,294,0.008001024834811687
204,0.007203216198831797,0.007997515611350536,0.013918881304562092,0.00975705124437809,294,0.007997515611350536
205,0.0077444096095860004,0.008192077279090881,0.01472177542746067,0.0133837154135108,294,0.008192077279090881
206,0.007064418401569128,0.00782955065369606,0.012239886447787285,0.007064418401569128,294,0.00782955065369606
207,0.006949230562895536,0.007500378880649805,0.013889920897781849,0.010332159698009491,294,0.007500378880649805
208,0.007459819782525301,0.008210444822907448,0.01295877993106842,0.01117430068552494,294,0.008210444822907448
209,0.007262445520609617,0.008789315819740295,0.016564078629016876,0.014708871953189373,294,0.008789315819740295
210,0.007198431994765997,0.0076985545456409454,0.011787070892751217,0.009021509438753128,294,0.0076985545456409454
212,0.00730321928858757,0.007851215079426765,0.013511396944522858,0.012418920174241066,294,0.007851215079426765
213,0.008269740268588066,0.008648023940622807,0.013544063083827496,0.012063294649124146,294,0.008648023940622807
214,0.0069560883566737175,0.0074520534835755825,0.01184443011879921,0.007296929135918617,294,0.0074520534835755825
215,0.007690291851758957,0.007940532639622688,0.01433556154370308,0.012861110270023346,294,0.007940532639622688
216,0.007320270407944918,0.008205772377550602,0.013880155049264431,0.012190205045044422,294,0.008205772377550602
217,0.007628186605870724,0.00821668840944767,0.014321092516183853,0.012964311987161636,294,0.00821668840944767
219,0.00737164169549942,0.007942668162286282,0.014232533983886242,0.011668650433421135,294,0.007942668162286282
220,0.007231048308312893,0.007882630452513695,0.014416327700018883,0.01175757683813572,294,0.007882630452513695
222,0.007334697060286999,0.007885394617915154,0.01362901646643877,0.011593800038099289,294,0.007885394617915154
223,0.0071615735068917274,0.007698322646319866,0.013600349426269531,0.00967207457870245,294,0.007698322646319866
224,0.0072663649916648865,0.007882999256253242,0.01375378854572773,0.013301538303494453,294,0.007882999256253242
225,0.007089526858180761,0.007896569557487965,0.014448842965066433,0.012028158642351627,294,0.007896569557487965
226,0.00749005563557148,0.008389110676944256,0.014272152446210384,0.011581698432564735,294,0.008389110676944256
227,0.007314398884773254,0.0076757511124014854,0.01249460969120264,0.008758697658777237,294,0.0076757511124014854
228,0.00741798710078001,0.008441886864602566,0.013495155610144138,0.011912438087165356,294,0.008441886864602566
229,0.007660582661628723,0.008085347712039948,0.014141718856990337,0.013829333707690239,294,0.008085347712039948
230,0.0074770646169781685,0.007871848531067371,0.012950352393090725,0.007915301248431206,294,0.007871848531067371
231,0.007873774506151676,0.008466823026537895,0.014340309426188469,0.013265114277601242,294,0.008466823026537895
232,0.007054094225168228,0.007749372161924839,0.012614770792424679,0.01035059243440628,294,0.007749372161924839
233,0.007081414107233286,0.008047501556575298,0.013363935984671116,0.010525300167500973,294,0.008047501556575298
234,0.007491037715226412,0.007964344695210457,0.012814028188586235,0.01073532272130251,294,0.007964344695210457
235,0.007383930031210184,0.007860240526497364,0.013537663966417313,0.011670812964439392,294,0.007860240526497364
236,0.007116441614925861,0.007729534059762955,0.013636709190905094,0.010486735962331295,294,0.007729534059762955
237,0.008469817228615284,0.008923206478357315,0.016490260139107704,0.015635628253221512,294,0.008923206478357315
238,0.007161959074437618,0.007671453058719635,0.011598270386457443,0.008026696741580963,294,0.007671453058719635
239,0.00742846354842186,0.008157356642186642,0.014842751435935497,0.011615571565926075,294,0.008157356642186642
240,0.007422964088618755,0.007932260632514954,0.01552684884518385,0.01489520724862814,294,0.007932260632514954
241,0.006958399899303913,0.007584854960441589,0.012612747959792614,0.009467748925089836,294,0.007584854960441589
242,0.007574326824396849,0.00798292551189661,0.01198495551943779,0.009713505394756794,294,0.00798292551189661
243,0.007360717281699181,0.007886134088039398,0.013263358734548092,0.009760419838130474,294,0.007886134088039398
244,0.007609432563185692,0.008435120806097984,0.01602710597217083,0.01608179323375225,294,0.008435120806097984
245,0.007122557144612074,0.008119354955852032,0.014692813158035278,0.012150212191045284,294,0.008119354955852032
246,0.00792998168617487,0.008301208727061749,0.012413129210472107,0.009925992228090763,294,0.008301208727061749
247,0.007258621975779533,0.008042187429964542,0.01456223800778389,0.010287139564752579,294,0.008042187429964542
249,0.007515343371778727,0.007931454107165337,0.012590209022164345,0.010935152880847454,294,0.007931454107165337
250,0.007833603769540787,0.008891316130757332,0.01437267567962408,0.013841853477060795,294,0.008891316130757332
251,0.007215574383735657,0.00794993806630373,0.01422642171382904,0.012366515584290028,294,0.00794993806630373
252,0.007169903255999088,0.007997522130608559,0.013885934837162495,0.01117895357310772,294,0.007997522130608559
253,0.007388683967292309,0.008236253634095192,0.015221222303807735,0.011464277282357216,294,0.008236253634095192
254,0.0076532927341759205,0.00797052402049303,0.012507304549217224,0.010842567309737206,294,0.00797052402049303
255,0.007097496651113033,0.007506424095481634,0.012655921280384064,0.008776713162660599,294,0.007506424095481634
256,0.007909507490694523,0.008627613075077534,0.013704398646950722,0.013350632041692734,294,0.008627613075077534
257,0.0070431106723845005,0.007501044310629368,0.013283703476190567,0.01090965699404478,294,0.007501044310629368
258,0.007550961337983608,0.008508766070008278,0.01497345045208931,0.012505526654422283,294,0.008508766070008278
259,0.007272020913660526,0.007598684635013342,0.011974725872278214,0.007809584029018879,294,0.007598684635013342
260,0.007464357186108828,0.008412638679146767,0.014830688945949078,0.013910814188420773,294,0.008412638679146767
261,0.007892687804996967,0.0081937862560153,0.014307760633528233,0.013945653103291988,294,0.0081937862560153
262,0.007227321155369282,0.0078004575334489346,0.01270200777798891,0.008951210416853428,294,0.0078004575334489346
263,0.007565016392618418,0.008062275126576424,0.014131681993603706,0.010503942146897316,294,0.008062275126576424
264,0.006963653955608606,0.007708287797868252,0.01266880240291357,0.01048094592988491,294,0.007708287797868252
265,0.007484015077352524,0.008822625502943993,0.017032336443662643,0.0162943284958601,294,0.008822625502943993
266,0.007271665148437023,0.007880264893174171,0.013442195020616055,0.011541270650923252,294,0.007880264893174171
267,0.007376266177743673,0.007817267440259457,0.013973377645015717,0.012006735429167747,294,0.007817267440259457
268,0.00753684202209115,0.00797110702842474,0.012654813937842846,0.008899996057152748,294,0.00797110702842474
269,0.00693141482770443,0.008081002160906792,0.01798422820866108,0.015411837957799435,294,0.008081002160906792
270,0.0073393480852246284,0.007746580056846142,0.011577054858207703,0.008593221195042133,294,0.007746580056846142
271,0.007017574738711119,0.007767331786453724,0.01300840824842453,0.010083827190101147,294,0.007767331786453724
272,0.007422964088618755,0.00802453514188528,0.016092339530587196,0.015386410057544708,294,0.00802453514188528
273,0.007393482606858015,0.007821637205779552,0.011878736317157745,0.008158206939697266,294,0.007821637205779552
274,0.007147651165723801,0.007683047093451023,0.012275667861104012,0.010761652141809464,294,0.007683047093451023
275,0.007360717281699181,0.007773400750011206,0.013606843538582325,0.010323086753487587,294,0.007773400750011206
276,0.007875613868236542,0.00862615741789341,0.014188077300786972,0.010931706055998802,294,0.00862615741789341
277,0.007687828969210386,0.008381190709769726,0.014531769789755344,0.014188094064593315,294,0.008381190709769726
278,0.007153849583119154,0.00770085584372282,0.011520271189510822,0.008366893976926804,294,0.00770085584372282
279,0.006952240597456694,0.007880156859755516,0.014216403476893902,0.010899804532527924,294,0.007880156859755516
280,0.007739785593003035,0.008543404750525951,0.015957381576299667,0.015799595043063164,294,0.008543404750525951
281,0.00733790872618556,0.00832210760563612,0.01341340597718954,0.012076211161911488,294,0.00832210760563612
283,0.00786470714956522,0.008225882425904274,0.014764854684472084,0.013453599996864796,294,0.008225882425904274
284,0.00736474571749568,0.008109972812235355,0.013486786745488644,0.011977928690612316,294,0.008109972812235355
285,0.006917512975633144,0.007583460304886103,0.014452426694333553,0.010922237299382687,294,0.007583460304886103
286,0.007700594607740641,0.008065231144428253,0.012639474123716354,0.01071404293179512,294,0.008065231144428253
287,0.0071479580365121365,0.008108262903988361,0.013278872705996037,0.00972571037709713,294,0.008108262903988361
288,0.007697495631873608,0.008700476959347725,0.016397422179579735,0.01698525808751583,294,0.008700476959347725
289,0.007395248860120773,0.008261705748736858,0.014052013866603374,0.012134924530982971,294,0.008261705748736858
290,0.0069509935565292835,0.007708174176514149,0.012514175847172737,0.010033827275037766,294,0.007708174176514149
292,0.007702984847128391,0.008339134976267815,0.0144247030839324,0.013931638561189175,294,0.008339134976267815
293,0.00827158335596323,0.00909184105694294,0.01707235723733902,0.01779206469655037,294,0.00909184105694294
294,0.007021487224847078,0.007373058702796698,0.011396534740924835,0.0,294,0.007373058702796698
296,0.007644401863217354,0.008057089522480965,0.0135418102145195,0.012056233361363411,294,0.008057089522480965
297,0.00815174076706171,0.008344622328877449,0.014120850712060928,0.013169415295124054,294,0.008344622328877449
298,0.006954048294574022,0.007645933888852596,0.013279597274959087,0.009666572324931622,294,0.007645933888852596
299,0.007395224180072546,0.00836038775742054,0.015241445042192936,0.012854387052357197,294,0.00836038775742054
300,0.0077558038756251335,0.008049765601754189,0.013943218626081944,0.011704920791089535,294,0.008049765601754189
301,0.0071696266531944275,0.008067207410931587,0.01345440000295639,0.009763496927917004,294,0.008067207410931587
302,0.007961428724229336,0.008228637278079987,0.012747219763696194,0.010678631253540516,294,0.008228637278079987
303,0.007842997089028358,0.008223037235438824,0.013656594790518284,0.010256084613502026,294,0.008223037235438824
304,0.007380716968327761,0.007830323651432991,0.014122606255114079,0.01359123457223177,294,0.007830323651432991
305,0.007452681660652161,0.007770558353513479,0.012282604351639748,0.009974139742553234,294,0.007770558353513479
306,0.007806317415088415,0.008543153293430805,0.01362205296754837,0.011820762418210506,294,0.008543153293430805
307,0.00735390605404973,0.007925594225525856,0.01301531307399273,0.010682336986064911,294,0.007925594225525856
308,0.0067307185381650925,0.008096275851130486,0.014844111166894436,0.011874305084347725,294,0.008096275851130486
309,0.0068496656604111195,0.008258761838078499,0.015821246430277824,0.012080051936209202,294,0.008258761838078499
310,0.007618345320224762,0.008086541667580605,0.012123078107833862,0.009032582864165306,294,0.008086541667580605
311,0.007552349008619785,0.008297530934214592,0.013611377216875553,0.010094597935676575,294,0.008297530934214592
312,0.007617446593940258,0.008050190284848213,0.0126559529453516,0.011753606610000134,294,0.008050190284848213
313,0.007196478080004454,0.00805751048028469,0.013553790748119354,0.012185675092041492,294,0.00805751048028469
314,0.007080707233399153,0.007670278195291758,0.012043843977153301,0.008405681699514389,294,0.007670278195291758
315,0.007465069182217121,0.008154294453561306,0.014541266486048698,0.013432640582323074,294,0.008154294453561306
317,0.006899711210280657,0.007810692302882671,0.01630926877260208,0.014159191399812698,294,0.007810692302882671
318,0.007191929966211319,0.007977963425219059,0.01303945854306221,0.011341200210154057,294,0.007977963425219059
319,0.007400349713861942,0.00783921591937542,0.011688262224197388,0.009142737835645676,294,0.00783921591937542
320,0.00704995496198535,0.008005508221685886,0.014632582664489746,0.011766905896365643,294,0.008005508221685886
321,0.007627403829246759,0.00794022623449564,0.013339586555957794,0.010507050901651382,294,0.00794022623449564
322,0.0069509935565292835,0.00776659045368433,0.012291518971323967,0.009535462595522404,294,0.00776659045368433
323,0.007298523560166359,0.007726844400167465,0.013047880493104458,0.009759997949004173,294,0.007726844400167465
324,0.008121315389871597,0.008798333816230297,0.014472385868430138,0.013662056997418404,294,0.008798333816230297
326,0.0073216697201132774,0.007690828293561935,0.01191729586571455,0.007510831113904715,294,0.007690828293561935
327,0.007494187913835049,0.00805489532649517,0.014378194697201252,0.01074023824185133,294,0.00805489532649517
328,0.00727294385433197,0.00789607036858797,0.012238265946507454,0.009952899068593979,294,0.00789607036858797
330,0.006954048294574022,0.007606963627040386,0.013467637822031975,0.009823737666010857,294,0.007606963627040386
331,0.0076226405799388885,0.008024590089917183,0.014150015078485012,0.01233323197811842,294,0.008024590089917183
332,0.00727362185716629,0.00804163794964552,0.013408524915575981,0.011154064908623695,294,0.00804163794964552
333,0.007121085189282894,0.00786827877163887,0.015210860408842564,0.011148766614496708,294,0.00786827877163887
334,0.007901720702648163,0.008286064490675926,0.01224583014845848,0.010595452971756458,294,0.008286064490675926
335,0.007017574738711119,0.007541186176240444,0.012650830671191216,0.009729960933327675,294,0.007541186176240444
336,0.0077528213150799274,0.008272984065115452,0.01576140522956848,0.014983360655605793,294,0.008272984065115452
337,0.007117534056305885,0.007824938744306564,0.012391321361064911,0.009845905937254429,294,0.007824938744306564
338,0.007259052246809006,0.008132095448672771,0.01333608478307724,0.012174172326922417,294,0.008132095448672771
339,0.00746291084215045,0.007918552495539188,0.012190007604658604,0.009712842293083668,294,0.007918552495539188
340,0.0067307185381650925,0.007953045889735222,0.015261919237673283,0.012369899079203606,294,0.007953045889735222
341,0.00797145813703537,0.00862118136137724,0.014290181919932365,0.012715689837932587,294,0.00862118136137724
342,0.007153849583119154,0.007845954038202763,0.011784428730607033,0.008862050250172615,294,0.007845954038202763
343,0.0074286311864852905,0.008291511796414852,0.015307874418795109,0.011381466872990131,294,0.008291511796414852
344,0.007307319436222315,0.007749207317829132,0.01331417728215456,0.012389399111270905,294,0.007749207317829132
345,0.0077766128815710545,0.008977280929684639,0.01568915694952011,0.015534354373812675,294,0.008977280929684639
346,0.007156102452427149,0.007432939019054174,0.012608103454113007,0.008358699269592762,294,0.007432939019054174
347,0.007876239717006683,0.008505391888320446,0.014412992633879185,0.013517477549612522,294,0.008505391888320446
348,0.0071235946379601955,0.007960615679621696,0.012484311126172543,0.009123414754867554,294,0.007960615679621696
349,0.007748371455818415,0.008109668269753456,0.01258255448192358,0.00949807371944189,294,0.008109668269753456
350,0.007191929966211319,0.007716039661318064,0.01225115917623043,0.010120538994669914,294,0.007716039661318064
351,0.007390606217086315,0.007787452079355717,0.012888367287814617,0.009401288814842701,294,0.007787452079355717
352,0.007262445520609617,0.008214229717850685,0.015504131093621254,0.01306295208632946,294,0.008214229717850685
353,0.007444807328283787,0.008243253454566002,0.015270465053617954,0.01311559695750475,294,0.008243253454566002
354,0.007147651165723801,0.007929815910756588,0.012022679671645164,0.010375408455729485,294,0.007929815910756588
355,0.006889939308166504,0.007550226058810949,0.014966340735554695,0.012795886024832726,294,0.007550226058810949
356,0.007452262099832296,0.00799117423593998,0.013545133173465729,0.009932448156177998,294,0.00799117423593998
357,0.007687828969210386,0.008563700132071972,0.015523219481110573,0.015292329713702202,294,0.008563700132071972
358,0.007021487224847078,0.007641778327524662,0.01179245114326477,0.007021487224847078,294,0.007641778327524662
359,0.006952240597456694,0.0076782554388046265,0.014232908375561237,0.010869271121919155,294,0.0076782554388046265
360,0.007479980122298002,0.007949108257889748,0.013833215460181236,0.012349206022918224,294,0.007949108257889748
361,0.00733790872618556,0.00819972064346075,0.01336507685482502,0.011825122870504856,294,0.00819972064346075
362,0.007138621993362904,0.0085537638515234,0.015203976072371006,0.012132599949836731,294,0.0085537638515234
363,0.007580596953630447,0.007845254614949226,0.012943297624588013,0.011167250573635101,294,0.007845254614949226
365,0.006917512975633144,0.007520451210439205,0.013620736077427864,0.009662343189120293,294,0.007520451210439205
366,0.00741798710078001,0.00834548007696867,0.014207488857209682,0.012250515632331371,294,0.00834548007696867
367,0.007486000191420317,0.008725345134735107,0.013014606200158596,0.010570860467851162,294,0.008725345134735107
368,0.007380716968327761,0.007852891460061073,0.013923279941082,0.01352776400744915,294,0.007852891460061073
369,0.007888270542025566,0.008394522592425346,0.01470524538308382,0.014037827961146832,294,0.008394522592425346
371,0.00758903194218874,0.007992283441126347,0.0139042679220438,0.01177113875746727,294,0.007992283441126347
372,0.007455239072442055,0.008101419545710087,0.013229059986770153,0.009779625572264194,294,0.008101419545710087
373,0.0068496656604111195,0.00844559632241726,0.016456015408039093,0.013047651387751102,294,0.00844559632241726
374,0.007418590597808361,0.0076050893403589725,0.011639135889708996,0.008577315136790276,294,0.0076050893403589725
375,0.007037422154098749,0.0077916583977639675,0.014397772960364819,0.011056789197027683,294,0.0077916583977639675
377,0.007196478080004454,0.008023272268474102,0.013014950789511204,0.011512433178722858,294,0.008023272268474102
378,0.007138059474527836,0.007937737740576267,0.012265237979590893,0.009032349102199078,294,0.007937737740576267
379,0.008436490781605244,0.008908873423933983,0.015448760241270065,0.013995743356645107,294,0.008908873423933983
380,0.006963653955608606,0.007889778353273869,0.013299635611474514,0.011101795360445976,294,0.007889778353273869
381,0.00728972814977169,0.007764670066535473,0.014469994232058525,0.010348888114094734,294,0.007764670066535473
382,0.008056994527578354,0.008725875988602638,0.01509656198322773,0.014687737450003624,294,0.008725875988602638
383,0.007400349713861942,0.007742106914520264,0.012321963906288147,0.009977592155337334,294,0.007742106914520264
384,0.0070431106723845005,0.0075967684388160706,0.014227730222046375,0.011881985701620579,294,0.0075967684388160706
385,0.00773434154689312,0.008180947043001652,0.013996463268995285,0.01366329938173294,294,0.008180947043001652
386,0.007400139234960079,0.008136327378451824,0.014121358282864094,0.010439827106893063,294,0.008136327378451824
387,0.007395224180072546,0.0082089276984334,0.01545974425971508,0.013555078767240047,294,0.0082089276984334
388,0.007272126618772745,0.008101391606032848,0.01385919563472271,0.011896386742591858,294,0.008101391606032848
389,0.0076992204412817955,0.00831974670290947,0.014900767244398594,0.013755708001554012,294,0.00831974670290947
390,0.007218028884381056,0.007862282916903496,0.01253231056034565,0.009619138203561306,294,0.007862282916903496
391,0.00749005563557148,0.008135530166327953,0.01412336528301239,0.01162420678883791,294,0.008135530166327953
392,0.007231048308312893,0.00792626105248928,0.015548452734947205,0.013337193056941032,294,0.00792626105248928
393,0.009425301104784012,0.011422020383179188,0.0218912735581398,0.02249886468052864,294,0.011422020383179188
394,0.007101351860910654,0.007509616669267416,0.011477136053144932,0.007291790097951889,294,0.007509616669267416
395,0.007076209876686335,0.00831563863903284,0.01604386419057846,0.012795882299542427,294,0.00831563863903284
396,0.007644401863217354,0.008088997565209866,0.013183225877583027,0.012153860181570053,294,0.008088997565209866
397,0.0077485861256718636,0.00881284475326538,0.017802752554416656,0.01598490960896015,294,0.00881284475326538
398,0.007080707233399153,0.007656899746507406,0.012770497240126133,0.00905750785022974,294,0.007656899746507406
399,0.007496804930269718,0.007900984957814217,0.013910152949392796,0.012491260655224323,294,0.007900984957814217
400,0.007444807328283787,0.008278045803308487,0.015034133568406105,0.013138080947101116,294,0.008278045803308487
401,0.007230771239846945,0.007799251936376095,0.013370122760534286,0.0123599823564291,294,0.007799251936376095
402,0.007475253194570541,0.00817553699016571,0.012307682074606419,0.009944474324584007,294,0.00817553699016571
404,0.007699401117861271,0.008198204450309277,0.01261809654533863,0.010036828927695751,294,0.008198204450309277
405,0.007472131866961718,0.008043194189667702,0.013694535940885544,0.009913588874042034,294,0.008043194189667702
406,0.007769025396555662,0.008319420740008354,0.014002948068082333,0.013691239058971405,294,0.008319420740008354
407,0.007262938190251589,0.007857424207031727,0.013536791317164898,0.011102769523859024,294,0.007857424207031727
408,0.00786587130278349,0.007992546074092388,0.012513108551502228,0.009085554629564285,294,0.007992546074092388
409,0.007902598939836025,0.008350146934390068,0.01433112844824791,0.012369425967335701,294,0.008350146934390068
410,0.007125034928321838,0.0076732151210308075,0.011492815800011158,0.00888864416629076,294,0.0076732151210308075
411,0.007037422154098749,0.007574374787509441,0.014024459756910801,0.01110014133155346,294,0.007574374787509441
412,0.007702984847128391,0.008383301086723804,0.013787735253572464,0.012794731184840202,294,0.008383301086723804
413,0.007712202612310648,0.008016901090741158,0.013608116656541824,0.012149018235504627,294,0.008016901090741158
414,0.007312418892979622,0.007743316702544689,0.012348847463726997,0.00745388213545084,294,0.007743316702544689
415,0.007273777388036251,0.007995261810719967,0.014684012159705162,0.011021439917385578,294,0.007995261810719967
416,0.0076492540538311005,0.00803448911756277,0.012401103042066097,0.010664528235793114,294,0.00803448911756277
417,0.007571246474981308,0.008178582414984703,0.015773294493556023,0.014737225137650967,294,0.008178582414984703
418,0.006899483501911163,0.00744160870090127,0.011986084282398224,0.007715674117207527,294,0.00744160870090127
419,0.00682754535228014,0.00818188488483429,0.018241163343191147,0.015365349128842354,294,0.00818188488483429
420,0.007879259064793587,0.008568434976041317,0.012398508377373219,0.010346590541303158,294,0.008568434976041317
421,0.007390548940747976,0.00806360226124525,0.013453509658575058,0.01203251164406538,294,0.00806360226124525
422,0.007650733459740877,0.007922835648059845,0.013253687880933285,0.01204928569495678,294,0.007922835648059845
423,0.007376266177743673,0.007947688922286034,0.013484830036759377,0.010871067643165588,294,0.007947688922286034
424,0.007118659093976021,0.007824497297406197,0.014612187631428242,0.012280094437301159,294,0.007824497297406197
425,0.007655200082808733,0.008425785228610039,0.01375533826649189,0.00998674426227808,294,0.008425785228610039
426,0.007549662608653307,0.007960280403494835,0.012143641710281372,0.010153012350201607,294,0.007960280403494835
427,0.0073943487368524075,0.007666214369237423,0.012957306578755379,0.008923578076064587,294,0.007666214369237423
428,0.0071558598428964615,0.007987134158611298,0.014374700374901295,0.013924525119364262,294,0.007987134158611298
429,0.007309428416192532,0.007775203324854374,0.013605351559817791,0.01095580030232668,294,0.007775203324854374
430,0.00727149099111557,0.008446065708994865,0.015557697042822838,0.013179526664316654,294,0.008446065708994865
431,0.007786999922245741,0.008838368579745293,0.015580309554934502,0.014665809459984303,294,0.008838368579745293
432,0.007236088626086712,0.007591091096401215,0.011581615544855595,0.008463147096335888,294,0.007591091096401215
433,0.007697495631873608,0.0083067137748003,0.01533681619912386,0.015637626871466637,294,0.0083067137748003
434,0.0071479580365121365,0.007829158566892147,0.012759018689393997,0.008151696063578129,294,0.007829158566892147
435,0.007565016392618418,0.007939299568533897,0.013050880283117294,0.009623593650758266,294,0.007939299568533897
436,0.0071711111813783646,0.00805144477635622,0.01275450550019741,0.010216242633759975,294,0.00805144477635622
437,0.007298523560166359,0.007987892255187035,0.012540214695036411,0.009382858872413635,294,0.007987892255187035
438,0.0071503822691738605,0.007572430185973644,0.013236917555332184,0.008550568483769894,294,0.007572430185973644
439,0.007980847731232643,0.00901029072701931,0.01660636067390442,0.014909075573086739,294,0.00901029072701931
440,0.007184418383985758,0.007587072439491749,0.012940228916704655,0.01089168805629015,294,0.007587072439491749
441,0.007081414107233286,0.007915981113910675,0.014132890850305557,0.011658886447548866,294,0.007915981113910675
442,0.007102133706212044,0.007703185081481934,0.01208854466676712,0.0100935660302639,294,0.007703185081481934
443,0.007804526947438717,0.008270412683486938,0.013139045797288418,0.010953045450150967,294,0.008270412683486938
444,0.00737333670258522,0.008083537220954895,0.01564384251832962,0.015287410467863083,294,0.008083537220954895
445,0.007997135631740093,0.008330484852194786,0.013188302516937256,0.010704806074500084,294,0.008330484852194786
446,0.00750857125967741,0.007942101918160915,0.012085207737982273,0.008453884162008762,294,0.007942101918160915
447,0.007446127012372017,0.008465512655675411,0.014474784024059772,0.010694443248212337,294,0.008465512655675411
448,0.007724020164459944,0.00817139446735382,0.012912324629724026,0.011369832791388035,294,0.00817139446735382
449,0.007645389065146446,0.008026410825550556,0.013280708342790604,0.012299951165914536,294,0.008026410825550556
450,0.006899483501911163,0.0076362816616892815,0.012534410692751408,0.008502310141921043,294,0.0076362816616892815
451,0.007793181110173464,0.008280264213681221,0.014549368992447853,0.013513562269508839,294,0.008280264213681221
452,0.0073393480852246284,0.007944341748952866,0.01208994910120964,0.008864404633641243,294,0.007944341748952866
453,0.007589442189782858,0.008012326434254646,0.014201462268829346,0.01310445461422205,294,0.008012326434254646
454,0.007128113880753517,0.0077434503473341465,0.012693768367171288,0.009952524676918983,294,0.0077434503473341465
455,0.007760008797049522,0.008496462367475033,0.013617086224257946,0.012070865370333195,294,0.008496462367475033
456,0.007271136622875929,0.007981629110872746,0.014121104963123798,0.011455683037638664,294,0.007981629110872746
457,0.007144063711166382,0.008150497451424599,0.015075174160301685,0.012524792924523354,294,0.008150497451424599
458,0.007101351860910654,0.007738327141851187,0.012199417687952518,0.008879433386027813,294,0.007738327141851187
459,0.007330988999456167,0.007812641561031342,0.01280894037336111,0.008295527659356594,294,0.007812641561031342
460,0.007636684458702803,0.008033712394535542,0.013450081460177898,0.0123560456559062,294,0.008033712394535542
461,0.007309428416192532,0.00790162943303585,0.013201456516981125,0.01031047198921442,294,0.00790162943303585
462,0.007331838831305504,0.007775706239044666,0.012740827165544033,0.00832284428179264,294,0.007775706239044666
463,0.007780776359140873,0.008510015904903412,0.013711480423808098,0.01321482378989458,294,0.008510015904903412
464,0.0074548544362187386,0.007825134322047234,0.012588362209498882,0.009669916704297066,294,0.007825134322047234
465,0.007801860570907593,0.008259913884103298,0.013040493242442608,0.011953516863286495,294,0.008259913884103298
466,0.0074088918045163155,0.00839381106197834,0.014335648156702518,0.010947171598672867,294,0.00839381106197834
467,0.007119764108210802,0.007596108131110668,0.014502773992717266,0.010632116347551346,294,0.007596108131110668
468,0.007531195878982544,0.008100665174424648,0.014124887995421886,0.01287821400910616,294,0.008100665174424648
469,0.007472131866961718,0.00857885368168354,0.015087157487869263,0.01175135001540184,294,0.00857885368168354
470,0.007464357186108828,0.008696814998984337,0.015712426975369453,0.015378459356725216,294,0.008696814998984337
471,0.007262938190251589,0.007907281629741192,0.014347368851304054,0.012390178628265858,294,0.007907281629741192
472,0.007184418383985758,0.007778264582157135,0.013872695155441761,0.011937398463487625,294,0.007778264582157135
474,0.007102133706212044,0.007421457674354315,0.011397742666304111,0.009040343575179577,294,0.007421457674354315
475,0.007016252260655165,0.007624720688909292,0.013424266129732132,0.010295337997376919,294,0.007624720688909292
476,0.00737333670258522,0.008009073324501514,0.015330318361520767,0.014896468259394169,294,0.008009073324501514
477,0.00748892966657877,0.008410394191741943,0.016651228070259094,0.015094089321792126,294,0.008410394191741943
478,0.00737770413979888,0.007804458029568195,0.011832877062261105,0.008266723714768887,294,0.007804458029568195
479,0.007273777388036251,0.007896171882748604,0.014622149989008904,0.010817987844347954,294,0.007896171882748604
480,0.007484015077352524,0.00854722410440445,0.01602604053914547,0.015371034853160381,294,0.00854722410440445
481,0.007230771239846945,0.007901112549006939,0.013859962113201618,0.012795411981642246,294,0.007901112549006939
482,0.007160878274589777,0.007496069185435772,0.012699974700808525,0.009226192720234394,294,0.007496069185435772
483,0.007089621853083372,0.007885096594691277,0.016326013952493668,0.01382640190422535,294,0.007885096594691277
484,0.007400262635201216,0.008094165474176407,0.012723547406494617,0.010395031422376633,294,0.008094165474176407
485,0.007816575467586517,0.008659380488097668,0.015032865107059479,0.013787779957056046,294,0.008659380488097668
486,0.007481161970645189,0.00783839263021946,0.012638603337109089,0.010870939120650291,294,0.00783839263021946
487,0.007353917695581913,0.007857639342546463,0.013879713602364063,0.011202828027307987,294,0.007857639342546463
488,0.007118659093976021,0.007938367314636707,0.013945461250841618,0.011667556129395962,294,0.007938367314636707
489,0.007395248860120773,0.008399097248911858,0.014474775642156601,0.0121036721393466,294,0.008399097248911858
490,0.007109455298632383,0.007800040300935507,0.012220405042171478,0.008792612701654434,294,0.007800040300935507
491,0.007355944253504276,0.0077830045484006405,0.01433092076331377,0.01068184245377779,294,0.0077830045484006405
492,0.0071558598428964615,0.008234726265072823,0.014252614229917526,0.01387713197618723,294,0.008234726265072823
493,0.007497970946133137,0.00791245885193348,0.012268000282347202,0.010353127494454384,294,0.00791245885193348
494,0.007230805698782206,0.007704318501055241,0.012404197826981544,0.007344627287238836,294,0.007704318501055241
495,0.007786999922245741,0.008928677998483181,0.01602104678750038,0.01508133765310049,294,0.008928677998483181
496,0.0074914866127073765,0.007804798893630505,0.012896746397018433,0.011580427177250385,294,0.007804798893630505
497,0.00791964028030634,0.00859123282134533,0.015068662352859974,0.015206110663712025,294,0.00859123282134533
498,0.0070487139746546745,0.0076881349086761475,0.01165072526782751,0.007738900370895863,294,0.0076881349086761475
499,0.007284111808985472,0.007765087299048901,0.016179997473955154,0.013646643608808517,294,0.007765087299048901
500,0.0071711111813783646,0.00804508663713932,0.012900378555059433,0.010624343529343605,294,0.00804508663713932
