run,body-length,body-height,body-width,front-arc-diameter,slant-angle-length,slant-angle-height,slant-surface-length,slant-angle-degrees
1,1187.9759519038075,253.38677354709418,369.3386773547094,194.30861723446895,95.92849345377991,174.52137364637474,199.14815016898712,61.203893601097136
2,1070.941883767535,304.3186372745491,431.4629258517034,183.8877755511022,184.78881811818968,52.76493947714357,192.17452000601955,15.936260862243962
3,907.4148296593187,292.3346693386774,350.90180360721445,182.60521042084167,186.50426840128637,77.19256263335296,201.84779874401204,22.48425593471385
4,1023.6472945891784,313.82765531062125,425.8517034068136,174.2685370741483,141.90256104077184,83.2994684224053,164.54524687570066,30.41373433975155
5,871.3426853707415,267.4549098196393,363.72745490981964,235.8316633266533,141.55947098415248,200.85740486166299,245.7290803162603,54.82473886379122
6,913.0260521042084,288.8176352705411,345.69138276553105,202.16432865731463,243.11412774347792,167.2694230218751,295.09920194155575,34.52907585893963
7,911.4228456913828,307.7054108216433,435.87174348697397,194.9498997995992,152.8814428525908,135.589849241166,204.34613474673827,41.56967149887105
8,1149.4989979959919,310.8316633266533,472.3446893787575,171.5430861723447,205.3742215153502,85.58955809329994,222.49526583197786,22.623897815721463
9,979.559118236473,277.74549098196394,492.78557114228454,215.6312625250501,142.24565109739117,194.36881746079487,240.85900949980788,53.802076746302674
10,883.3667334669339,288.0360721442886,302.8056112224449,207.45490981963928,236.25232661109106,76.42919940972142,248.30743917886272,17.926739321693166
11,807.2144288577155,302.23446893787576,428.25651302605206,238.39679358717433,92.15450283096715,189.7886381190056,210.97909742694796,64.10046619348715
12,1200,299.3687374749499,344.8897795591182,165.45090180360722,201.9433209491568,138.6433021356922,244.95524101978913,34.47137486703709
13,902.6052104208417,304.188376753507,346.4929859719439,183.72745490981964,181.70100760861558,121.84931121579824,218.77502327676856,33.845939115048154
14,1136.6733466933867,272.6653306613226,337.6753507014028,225.41082164328657,240.71249734714252,183.68173232995326,302.78950637502396,37.34635400960601
15,1162.3246492985973,264.9799599198397,437.875751503006,175.71142284569137,103.13338464278611,96.65832483595732,141.34824649768498,43.143747850368484
16,1034.068136272545,278.13627254509015,377.3547094188377,193.98797595190382,173.123756193132,213.07121643976768,274.53811799737633,50.905591562340234
17,1195.190380761523,267.71543086172346,439.47895791583164,165.6112224448898,89.75287243463174,185.9718220008479,206.49720745952555,64.23732591969849
18,890.5811623246493,255.34068136272546,417.4348697394789,175.07014028056113,212.92220276097578,148.94870565471805,259.8491511335027,34.97452792377833
19,862.5250501002004,265.1102204408818,459.5190380761523,188.37675350701403,77.05854033971607,70.70397523248484,104.58045110327015,42.537497564378995
20,859.3186372745491,269.7995991983968,318.436873747495,204.88977955911824,135.04075990838498,61.92529816072209,148.56227444721088,24.634649468057507
21,1151.1022044088177,297.28456913827654,326.85370741482967,206.17234468937875,211.20675247787904,107.72709157861469,237.09369150662633,27.024089112232875
22,830.4609218436874,258.2064128256513,481.9639278557114,168.6573146292585,241.05558740376188,185.20845877721635,303.9900811230599,37.53588747306632
23,981.1623246492986,286.8637274549098,454.3086172344689,161.92384769539078,199.19860049620206,95.13159838869423,220.74896025040147,25.52781688916654
24,934.6693386773547,301.4529058116232,365.7314629258517,218.3567134268537,166.26195506074515,185.59014038903214,249.1721050002225,48.14425166394405
25,1069.3386773547095,310.0501002004008,419.0380761523046,231.02204408817636,156.99852353202292,28.718997932749954,159.60362537704603,10.3662363777135
26,1110.2204408817634,284.7795591182365,390.5811623246493,236.63326653306615,166.6050451173645,113.83399736766704,201.78062348813648,34.3431004131763
27,1025.250501002004,299.2384769539078,332.064128256513,209.6993987975952,185.8180882880477,41.31449112267042,190.35558597464353,12.535149239892588
28,1115.0300601202405,252.99599198396794,388.5771543086172,176.35270541082164,137.09930024810103,116.12408703856167,179.66920080820307,40.26483767649711
29,997.1943887775551,270.7114228456914,425.0501002004008,198.47695390781564,106.2211951523602,99.71177773048348,145.68933014386857,43.18951769108806
30,836.0721442885772,306.79358717434866,341.6833667334669,193.02605210420842,97.98703379349597,150.47543210198114,179.5670194048051,56.92851159725744
31,997.9959919839679,263.2865731462926,432.6653306613226,175.2304609218437,109.99518577517296,145.13188953656032,182.1049319874867,52.8415802098079
32,901.002004008016,269.2785571142285,330.06012024048096,177.15430861723448,197.140060156486,183.3000507181375,269.18973218117867,42.916558823616725
33,1132.6653306613225,281.65330661322645,309.6192384769539,195.4308617234469,156.65543347540358,175.28473687000627,235.0865028387507,48.212211157311415
34,1168.7374749498997,309.65931863727457,356.1122244488978,222.84569138276552,194.7384297601506,151.62047693742844,246.80321118693408,37.903800321619
35,917.8356713426854,280.3507014028056,353.3066132264529,205.69138276553105,116.51389685094048,110.01718124950932,160.24752206969998,43.35725682877512
36,845.6913827655311,268.1062124248497,321.64328657314627,165.77154308617236,162.83105449455172,67.2688407261429,176.179026108237,22.44652134615155
37,1007.6152304609218,312.00400801603206,410.6212424849699,212.74549098196394,174.15302636299003,139.02498374750797,222.83900622957185,38.60009027990241
38,1090.1803607214429,309.78957915831666,483.96793587174346,182.28456913827654,170.03594568355794,176.81146331726939,245.30494570003265,46.11910651648159
39,1042.0841683366734,286.4729458917836,418.63727454909815,189.17835671342687,108.96591560531493,75.66583618608988,132.66080630481937,34.77607943382707
40,857.7154308617235,261.7234468937876,409.4188376753507,196.2324649298597,140.8732908709138,85.20787648148416,164.63798557831345,31.167844734570433
41,973.9478957915832,277.3547094188377,442.28456913827654,182.124248496994,227.33198513898816,133.68144118208716,263.7244000538308,30.45744478214098
42,1019.6392785571143,253.51703406813627,431.86372745490985,168.81763527054107,93.52686305744452,67.65052233795866,115.42905737276305,35.87923822929717
43,828.8577154308617,289.07815631262525,318.8376753507014,215.95190380761522,97.30085368025729,130.24630667574525,162.57784759794035,53.23833115295594
44,1054.9098196392786,283.60721442885773,380.16032064128257,202.00400801603206,228.36125530884618,26.428908261855323,229.88551524214307,6.601636415662965
45,1159.118236472946,288.2965931863727,317.23446893787576,218.99799599198397,125.43423832304339,94.36823516506269,156.96850624201855,36.9553275446535
46,1107.0140280561122,279.95991983967934,339.67935871743487,166.4128256513026,114.11226645460508,37.11599339269693,119.99669295832076,18.017560577698887
47,896.1923847695391,310.31062124248496,338.0761523046092,210.9819639278557,123.37569798332731,89.78805582327342,152.58917989620517,36.04567739913648
48,844.8897795591182,281.002004008016,319.2384769539078,226.6933867735471,148.42127211653934,160.01747239737543,218.2532141553398,47.15310353749541
49,958.7174348697395,258.85771543086173,407.01402805611224,216.43286573146293,143.9611013804879,177.57482654090092,228.59925138047623,50.96808637889204
50,1163.9278557114228,276.05210420841684,484.36873747494985,166.8937875751503,246.201938253052,39.40608306359156,249.3355846684831,9.093402108587219
51,867.3346693386774,255.21042084168337,493.186372745491,185.17034068136272,162.14487438131306,106.2003651313516,193.82847531300501,33.22367922908163
52,832.0641282565131,302.88577154308615,499.59919839679355,237.2745490981964,211.8929325911177,209.25440032160998,297.8019794024555,44.641040620679554
53,1036.4729458917836,311.2224448897796,328.85771543086173,190.7815631262525,121.66024770023061,215.7429877224781,247.68175674018224,60.58078921550912
54,1188.7775551102204,295.59118236472943,493.98797595190376,165.9318637274549,96.6146735670186,148.56702404290226,177.21894870872546,56.96363382451088
55,884.9699398797595,264.45891783567134,319.6392785571142,229.4188376753507,240.02631723390385,169.9411943045855,294.0963149829313,35.29890108177558
56,921.0420841683367,314.60921843687373,389.7795591182365,162.56513026052104,163.17414455117108,36.352630169065385,167.17450514422143,12.559490747164295
57,952.3046092184369,274.22845691382764,436.2725450901803,230.3807615230461,236.59541666771042,84.06283164603684,251.0855448896201,19.560229082708393
58,971.5430861723447,273.0561122244489,487.5751503006012,175.39078156312624,100.38866418983136,64.21538783161672,119.17004628757881,32.60573486064921
59,1124.6492985971943,302.75551102204406,465.13026052104203,197.51503006012024,103.81956475602479,29.86404276819727,108.02945467135868,16.04805704351755
60,1117.434869739479,311.6132264529058,499.19839679358716,219.3186372745491,187.87662862776375,90.55141904690495,208.55979256784573,25.732800649844137
61,989.9799599198396,266.02204408817636,450.3006012024048,160.4809619238477,196.79697009986666,190.55200134263717,273.9326790585092,44.07633843805257
62,1074.9498997995993,261.07214428857714,316.4328657314629,160.16032064128257,159.4001539283583,57.726800430748604,169.53109614568,19.907865270074527
63,1099.7995991983967,250.39078156312624,303.60721442885773,211.78356713426854,164.2034147210291,170.32287591640127,236.5853830364,46.047989971840614
64,1158.316633266533,269.40881763527057,469.93987975951904,236.7935871743487,87.6943320949157,81.77274197514221,119.9044503415388,42.99876087999711
65,1087.7755511022044,251.0420841683367,461.52304609218436,200.8817635270541,233.5076061581363,156.58233789103346,281.14734690749805,33.84447439218749
66,896.9939879759519,305.6212424849699,457.1142284569138,173.7875751503006,96.27158351039925,124.13940088669287,157.09490330404364,52.20599607554844
67,914.629258517034,296.63326653306615,398.59719438877755,213.06613226452907,161.8017843246937,155.81897466740193,224.6316324052673,43.92088536256765
68,990.7815631262525,300.9318637274549,354.90981963927857,188.69739478957916,192.67988942043453,30.24572438001304,195.0393386738752,8.921145714786018
69,917.0340681362725,293.6372745490982,300.80160320641284,214.50901803607212,201.2571408359181,104.67363868408852,226.85018706806412,27.478896625360846
70,985.9719438877755,282.565130260521,429.45891783567134,223.32665330661322,81.51871107576753,106.96372835498315,134.48620538573124,52.688414319883584
71,884.1683366733466,259.7695390781563,368.5370741482966,222.20440881763525,178.95628715566085,97.04000644777308,203.57336653875717,28.469000547386678
72,1137.4749498997996,261.85370741482967,437.0741482965932,213.86773547094188,90.43905254787043,124.52108249850865,153.89841523666468,54.00927963878294
73,974.7494989979959,292.2044088176353,354.10821643286573,172.98597194388776,180.3286473821382,109.63549963769354,211.04114254684615,31.29859965655291
74,1028.4569138276552,306.14228456913827,343.687374749499,178.43687374749499,234.87996638461368,184.82677716540059,298.88047136971977,38.19916682108683
75,1172.745490981964,261.4629258517034,455.5110220440881,223.0060120240481,238.99704706404583,131.77303312300833,272.91705839644976,28.87051490545291
76,981.9639278557114,290.64128256513027,302.00400801603206,199.91983967935872,175.18229653284806,128.71958022848213,217.38805706091435,36.30751737298384
77,1163.12625250501,274.09819639278555,392.1843687374749,239.83967935871743,165.23268489088713,182.15500588269018,245.93146672269106,47.78884878260774
78,1179.9599198396793,291.1623246492986,309.2184368737475,202.64529058116233,169.00667551369992,157.34570111466502,230.91324350815947,42.95362146198127
79,956.312625250501,302.10420841683367,378.1563126252505,198.6372745490982,123.03260792670798,71.46733845611638,142.2835305973539,30.15150190582235
80,1038.0761523046092,296.37274549098197,465.5310621242485,233.26653306613224,184.10263800495096,145.5135711483761,234.66567859134307,38.32262317865003
81,848.8977955911823,285.3006012024048,333.6673346693387,230.22044088176352,237.96777689418775,161.16251723282275,287.4056711353862,34.107629871408285
82,819.2384769539078,258.72745490981964,421.44288577154305,178.59719438877755,217.72546355364653,142.4601182538499,260.19081992366904,33.19715633482356
83,1103.006012024048,290.1202404809619,315.2304609218437,161.44288577154308,137.78548036133972,216.12466933429386,256.3097955468401,57.4813577191937
84,837.6753507014027,298.4569138276553,346.8937875751503,212.26452905811624,107.59355537883756,127.95621700485059,167.1800425566742,49.94078693773689
85,1104.6092184368738,263.5470941883768,312.8256513026052,177.47494989979958,80.4894409059095,73.75742812701101,109.1728368288426,42.500945766179946
86,939.4789579158316,294.1583166332665,440.68136272545087,163.36673346693388,101.76102441630874,62.30697977253786,119.3208524049004,31.478605120826284
87,1160.7214428857715,256.64328657314627,449.09819639278555,220.28056112224448,104.50574486926348,161.92588045645428,192.7211495199152,57.16210625086534
88,1086.9739478957915,304.05811623246495,374.94989979959917,186.77354709418836,118.22934713403718,128.33789861666637,174.49583016531483,47.34764830566128
89,891.3827655310621,262.89579158316633,383.36673346693385,234.22845691382764,188.90589879762177,82.15442358695799,205.99705802618305,23.5040303833423
90,898.5971943887776,251.43286573146293,443.0861723446894,238.5571142284569,128.86513888923682,151.23879532561267,198.69423049621963,49.5668768546556
91,1184.7695390781564,282.8256513026052,424.6492985971944,190.46092184368737,194.39533970353125,213.8345796633992,288.98923086903073,47.72627178293003
92,1037.2745490981963,257.5551102204409,384.1683366733467,163.84769539078155,237.2815967809491,186.35350361266367,301.71208871974613,38.14497657318346
93,816.8336673346694,250.26052104208418,312.02404809619236,199.75951903807615,81.86180113238687,35.20758533361807,89.11188781336895,23.271845918554604
94,1038.877755511022,301.1923847695391,468.7374749498998,171.38276553106212,220.12709394998194,116.88745026219321,249.23605983015554,27.96829464543341
95,856.9138276553106,295.8517034068136,344.4889779559118,239.0380761523046,98.33012385011531,164.5976517391647,191.73210533039676,59.14603685363078
96,805.6112224448898,285.82164328657313,496.39278557114227,235.67134268537075,108.27973549207624,137.4982573002449,175.0150618627961,51.7796045012802
97,983.5671342685371,270.4509018036072,423.44689378757516,195.11022044088176,184.44572806157032,38.642719839960016,188.45022259682366,11.832737180413588
98,823.2464929859719,281.52304609218436,491.18236472945887,194.1482965931864,169.34976557031925,103.14691223682543,198.28925488465947,31.344599559269856
99,1094.9899799599198,262.50501002004006,335.2705410821643,217.71543086172343,135.72694002162365,177.19314492908515,223.20217932962302,52.54849837753929
100,1052.5050100200401,313.5671342685371,367.3346693386774,179.8797595190381,148.07818205991998,207.7276738743469,255.103772013308,54.51691857091105
101,987.5751503006012,291.55310621242484,487.17434869739475,183.08617234468937,222.8718144029367,66.50547750251135,232.5829404601595,16.61522800470459
102,1078.9579158316633,298.84769539078155,372.94589178356716,166.57314629258516,127.49277866275943,201.23908647347878,238.22589812157628,57.64415322101592
103,936.2725450901803,282.6953907815631,313.62725450901803,167.374749498998,79.80326079267081,53.528302700775114,96.09286978318859,33.85186466164804
104,854.5090180360721,295.33066132264526,440.2805611222445,174.10821643286573,208.80512208154363,172.99464719911165,271.1581217058295,39.64168375361859
105,872.1442885771543,282.0440881763527,477.15430861723445,209.85971943887776,85.29270169858029,32.154132439091896,91.15225282983225,20.65572766871191
106,947.4949899799599,293.89779559118233,477.55511022044084,185.49098196392785,140.53020081429446,43.60458079356505,147.13971865913183,17.238394894160518
107,927.4549098196393,301.9739478957916,433.46693386773546,181.80360721442887,179.29937721228018,108.10877319043047,209.36994414063227,31.087926167743504
108,875.3507014028056,289.59919839679355,370.94188376753505,216.75350701402806,196.4538800432473,63.833706219800945,206.5644428109602,18.000519998872818
109,1074.1482965931864,295.7214428857715,488.37675350701403,178.9178356713427,232.47833598827827,41.69617273448619,236.18794957529673,10.168178675211331
110,811.2224448897796,285.56112224448896,350.1002004008016,170.1002004008016,167.9774053438419,69.17724878522175,181.6642520022633,22.383075308379077
111,847.2945891783567,273.8376753507014,442.685370741483,208.2565130260521,193.02297947705387,190.1703197308214,270.9660884921248,44.57347285320454
112,1183.9679358717435,257.2945891783567,348.89779559118233,197.99599198396794,99.016303963354,42.45953595811773,107.73597655538286,23.210310925765356
113,1091.7835671342687,259.1182364729459,415.83166332665326,177.79559118236472,113.08299628474705,79.4826523042476,138.22176408241225,35.10223540323885
114,901.8036072144289,263.937875751503,367.73547094188376,234.70941883767534,180.67173743875753,56.58175559530129,189.32451445965933,17.3892182715474
115,1082.9659318637273,310.18036072144287,303.2064128256513,163.2064128256513,165.91886500412582,83.68115003422108,185.826813553123,26.76408522460919
116,824.8496993987976,274.749498997996,311.62324649298597,179.3987975951904,85.97888181181898,56.96343720711706,103.13680863813804,33.52559770489873
117,1004.4088176352705,255.8617234468938,307.61523046092185,233.9078156312625,90.78214260448978,126.04780894577173,155.33656219928292,54.23781516199573
118,1061.322645290581,250.65130260521042,420.64128256513027,164.6492985971944,216.3531033271692,169.55951269276972,274.88014417906993,38.086387338907
119,941.8837675350701,292.59519038076155,396.5931863727455,219.47895791583164,212.23602264773706,58.108482042564376,220.04709721925846,15.31187352449342
120,1150.3006012024048,303.6673346693387,474.3486973947896,221.40280561122245,80.14635084929016,112.68895253221972,138.2831789382439,54.57889793254909
121,812.8256513026053,275.2705410821643,314.42885771543087,202.8056112224449,88.38051220815437,131.00966989937677,158.03369433547832,55.99598014099547
122,1191.1823647294589,266.4128256513026,322.0440881763527,180.36072144288576,217.03928344040787,42.07785434630196,221.08052013398716,10.971937369836573
123,853.7074148296593,306.27254509018036,311.2224448897796,186.13226452905812,213.26529281759508,64.97875105524827,222.94466400718028,16.945196070335722
124,969.939879759519,272.01402805611224,337.2745490981964,227.01402805611224,170.37903574017727,27.57395309730264,172.59588265414922,9.192977773879537
125,1031.6633266533065,301.06212424849696,358.51703406813624,220.92184368737475,86.32197186843833,179.86491621179556,199.50656859144186,64.36240860679253
126,1062.9258517034068,295.2004008016032,321.2424849699399,224.44889779559117,157.34161358864225,51.619894641696256,165.5928648508064,18.16338487832453
127,1022.8456913827655,269.6693386773547,411.42284569138275,167.05410821643287,157.6847036452616,163.83428851553313,227.38984114749923,46.09574336441724
128,1173.5470941883768,260.42084168336675,358.11623246492985,164.48897795591182,120.63097753037259,125.28444572214019,173.91959372030843,46.08408113003279
129,1143.0861723446894,257.4248496993988,331.2625250501002,222.36472945891782,139.15784058781708,172.6129655872959,221.72086163892044,51.12478956973267
130,1100.6012024048096,289.85971943887773,326.4529058116232,199.11823647294588,230.41979564856223,210.3994451570573,312.0275769048671,42.39962826929613
131,966.7334669338677,297.5450901803607,416.63326653306615,214.02805611222445,76.71545028309673,37.87935661632847,85.55761783620015,26.278519033311035
132,869.7394789579158,291.29258517034066,459.1182364729459,221.24248496993988,91.12523266110912,182.91836910632173,204.35982429053374,63.51869329869486
133,834.4689378757515,277.0941883767535,396.9939879759519,223.64729458917836,193.36606953367323,36.73431178088116,196.8244052675286,10.756468119288696
134,948.2965931863728,263.8076152304609,439.0781563126252,201.20240480961922,113.42608634136639,123.7577192748771,167.87331575577576,47.49420479888936
135,929.8597194388777,314.08817635270543,461.1222444889779,160.32064128256513,245.51575813981333,193.9871358489791,312.90413287436394,38.31300106867084
136,1129.4589178356714,270.19038076152304,415.0300601202405,206.3326653306613,99.70248407659268,110.39886286132509,148.75649314270916,47.91444441368841
137,949.0981963927856,260.6813627254509,381.3627254509018,193.82765531062125,134.01148973852696,126.81117216940328,184.4997365009429,43.41868397599955
138,868.937875751503,252.73547094188376,457.9158316633266,161.2825651302605,195.42460987338927,144.75020792474456,243.1941628378921,36.52719651756013
139,1164.7294589178357,271.3627254509018,310.42084168336675,227.33466933867734,75.6861801132387,87.4979661523788,115.69050065124809,49.14002998799897
140,1175.1503006012024,260.94188376753505,456.7134268537074,173.3066132264529,172.43757607989332,103.91027546045697,201.32576335525724,31.073018772188156
141,977.9559118236473,300.0200400801603,315.6312625250501,197.83567134268537,203.6587712322535,163.0709252919016,260.90040585516215,38.68448636026447
142,984.3687374749499,303.01603206412824,404.20841683366734,172.8256513026052,132.63912951204958,124.90276411032441,182.19176479773614,43.279395147408664
143,1068.5370741482966,288.94789579158316,399.7995991983968,195.27054108216433,131.9529493988109,165.36101496279622,211.55577544603045,51.41122104715732
144,968.3366733466934,261.2024048096192,384.9699398797595,234.8697394789579,231.7921558750396,40.551127899038875,235.31255278688997,9.9232476170155
145,820.0400801603206,313.3066132264529,407.815631262525,206.65330661322645,197.82624026972468,52.3832578653278,204.64414734812297,14.831213302783418
146,1113.426853707415,288.16633266533063,403.8076152304609,196.07214428857714,166.94813517398384,169.17783108095395,237.6821793221498,45.38006671335954
147,943.4869739478958,276.8336673346693,415.43086172344687,219.6392785571142,102.44720452954743,180.24659782361132,207.32647139935028,60.38729210147818
148,1145.4909819639279,277.61523046092185,342.0841683366733,184.3687374749499,185.131908174809,130.627988287561,226.5777896187115,35.206569577958284
149,1026.8537074148296,259.37875751503003,404.60921843687373,203.60721442885773,105.87810509574085,59.63520848982746,121.51761695445617,29.39012583123152
150,903.4068136272545,287.25450901803606,382.96593186372746,184.52905811623248,230.07670559194287,55.436710759853966,236.66119106417355,13.547124802811586
151,970.7414829659318,262.63527054108215,306.813627254509,213.38677354709418,159.05706387173896,159.63579078555964,225.35025020449703,45.10404554956195
152,815.2304609218437,251.30260521042084,451.10220440881767,236.31262525050101,243.80030785671659,153.14720338469152,287.91084733920997,32.13566491399105
153,1148.6973947895792,269.5390781563126,497.9959919839679,204.24849699398797,231.1059757618009,198.56731519076837,304.6948484876042,40.66932297405848
154,1198.3967935871742,250.7815631262525,375.3507014028056,219.95991983967934,103.47647469940546,126.4294905575875,163.37624337359395,50.701320088947845
155,1155.9118236472946,283.0861723446894,449.498997995992,178.27655310621242,83.92034147210292,35.58926694543384,91.1549210657752,22.98101970106098
156,969.1382765531062,251.95390781563125,471.9438877755511,185.33066132264528,110.68136588841165,187.498548448111,217.72935131734786,59.44642604719486
157,1123.8476953907816,268.49699398797594,304.40881763527057,226.85370741482967,129.89440905909484,203.14749453255763,241.12540728771614,57.404771095403134
158,961.1222444889779,261.98396793587176,383.7675350701403,180.2004008016032,77.4016303963354,47.039715299906995,90.57453948824259,31.2885337156535
159,994.7895791583167,278.9178356713427,473.14629258517033,217.875751503006,75.00000000000001,154.29224822013884,171.5549412311547,64.07605253353819
160,928.2565130260521,278.7875751503006,380.56112224448896,195.91182364729457,128.52204883261746,204.29253936800495,241.3573257176205,57.82567803099548
161,818.436873747495,303.7975951903808,377.75551102204406,168.49699398797594,147.39200194668132,162.30756206827004,219.2444912475473,47.75731356677135
162,1119.0380761523047,263.4168336673347,477.9559118236473,209.53907815631263,237.62468683756845,34.44422210998653,240.10809280699925,8.247705099775116
163,831.2625250501002,253.64729458917836,469.5390781563126,228.937875751503,176.55465675932544,156.2006562792177,235.73330661037596,41.499688876284
164,1135.0701402805612,313.1763527054108,325.250501002004,230.54108216432866,83.23416135886424,203.5291761443734,219.89099835855222,67.75767453079125
165,870.5410821643286,294.4188376753507,364.92985971943887,235.19038076152304,150.4798124562554,143.60516308929724,208.00629034424284,43.660874566793424
166,881.7635270541082,252.86573146292585,470.34068136272543,207.29458917835672,235.22305644123304,50.85653141806471,240.65800021904965,12.199885153271726
167,824.0480961923847,302.36472945891785,301.60320641282567,176.0320641282565,102.79029458616677,35.97094855724961,108.90249676301845,19.287238268291414
168,1010.8216432865731,289.20841683366734,447.4949899799599,162.2444889779559,153.56762296582946,102.76523062500965,184.7801597812562,33.789865276497984
169,993.9879759519038,281.78356713426854,385.3707414829659,239.35871743486973,111.36754600165034,194.75049907261064,224.344572458218,60.2370363923224
170,953.1062124248497,293.7675350701403,414.22845691382764,232.46492985971943,209.148212138163,26.04722665003955,210.763926364899,7.0990395660614585
171,863.3266533066133,272.2745490981964,423.84769539078155,170.74148296593185,238.3108669508071,159.25410917374387,286.62508717062434,33.7533040198305
172,980.3607214428857,267.5851703406814,412.2244488977956,238.71743486973946,204.00186128887287,167.65110463369086,264.0523665756876,39.4137636822859
173,808.0160320641282,263.67735470941886,433.86773547094185,190.14028056112224,220.81327406322066,129.86462506392945,256.1704956577044,30.460621996253128
174,904.2084168336673,294.67935871743487,374.5490981963928,176.9939879759519,241.74176751700054,145.89525276019188,282.3552849517852,31.111692876048245
175,874.5490981963928,268.62725450901803,441.8837675350701,239.67935871743487,146.3627317768233,164.21597012734892,219.9748487851297,48.28995751636105
176,1097.3947895791584,252.21442885771543,316.03206412825654,207.93587174348698,137.4423903047204,48.94812335898585,145.89835308543272,19.602622845954983
177,1103.807615230461,262.37474949899797,403.0060120240481,197.35470941883767,205.0311314587309,84.44451325785262,221.74002950888917,22.38489684168565
178,846.4929859719439,265.6312625250501,410.2204408817635,220.44088176352705,214.63765304407247,173.75801042274318,276.15424727919316,38.9915939105748
179,999.5991983967936,267.1943887775551,357.314629258517,218.19639278557113,111.024455945031,119.17753993308783,162.87945187282793,47.02840173741108
180,1165.5310621242484,306.40280561122245,450.7014028056112,226.37274549098197,119.9447974171339,187.88023005992676,222.90297278145104,57.44539311657235
181,976.3527054108216,276.7034068136272,475.55110220440883,233.10621242484967,78.0878105095741,100.8568225659308,127.55314503482381,52.251379906110195
182,1138.2765531062123,267.064128256513,435.0701402805611,185.81162324649299,168.3204954004612,203.91085775618916,264.40769104305855,50.461650073856134
183,961.9238476953908,312.78557114228454,444.689378757515,194.78957915831663,225.61653485589142,31.772450827276128,227.84272960081773,8.015966062525955
184,1114.2284569138276,266.15230460921845,455.11022044088173,167.53507014028057,149.10745222977803,57.34511881893283,159.75448338877086,21.036205101098705
185,913.8276553106213,314.8697394789579,460.32064128256513,181.6432865731463,102.10411447292809,122.61267443942978,159.55913676593516,50.214598131609016
186,1073.3466933867735,275.66132264529057,424.24849699398794,164.1683366733467,245.17266808319397,27.192271485486867,246.67601586610002,6.328848645063755
187,1080.561122244489,298.5871743486974,352.50501002004006,191.74348697394788,143.61801132386853,84.82619486966838,166.7981310227719,30.567695225952452
188,935.4709418837675,280.87174348697397,344.08817635270543,232.1442885771543,209.83439225140165,196.6589071316895,287.58511422837165,43.14354751025967
189,1064.5290581162326,286.2124248496994,348.09619238476955,221.0821643286573,186.84735845790573,66.88715911432712,198.45862898116178,19.69622708676704
190,840.0801603206413,254.55911823647295,448.69739478957916,191.58316633266531,242.4279476302392,168.03278624550663,294.96834922689266,34.72678377971381
191,1146.2925851703408,269.92985971943887,398.99799599198394,203.92785571142284,190.27825902409913,91.3147822705365,211.05498174257258,25.636409114244024
192,1147.8957915831663,273.186372745491,323.24649298597194,162.7254509018036,126.80659854952074,105.05532029590428,164.67098638853886,39.64069084099563
193,930.6613226452905,259.248496993988,323.64729458917833,204.40881763527054,224.93035474265275,202.0024496971103,302.3221033406079,41.92595312279998
194,810.4208416833667,296.7635270541082,391.78356713426854,187.73547094188376,211.5498425344984,192.07872778990026,285.74039536921913,42.23818233092528
195,1098.196392785571,287.12424849699397,387.7755511022044,212.10420841683367,173.46684624975134,46.27635207627545,179.53341613561045,14.937130008649659
196,1063.7274549098197,257.03406813627254,431.06212424849696,203.7675350701403,158.02779370188094,79.10097069243182,176.7194022929265,26.590301742699342
197,1008.4168336673347,266.5430861723447,497.1943887775551,220.76152304609218,160.77251415483568,81.39106036332645,180.2007381081817,26.85080622262571
198,1111.8236472945891,277.48496993987976,386.9739478957916,173.62725450901803,234.19378627137502,37.4976750045127,237.1767382330454,9.096638596740659
199,1126.25250501002,251.6933867735471,345.29058116232466,219.79959919839678,112.05372611488903,74.13910973882679,134.36013221598276,33.49017353911117
200,833.6673346693386,255.08016032064128,469.1382765531062,229.73947895791582,117.5431670207985,33.68085888635498,122.27344915639655,15.989143668233062
201,1134.2685370741483,295.4609218436874,362.12424849699397,184.04809619238478,210.52057236464037,72.23070167974792,222.56726096594826,18.93736075997127
202,924.2484969939879,284.12825651302603,320.8416833667335,192.38476953907815,118.57243719065653,87.87964776419457,147.58812741034117,36.54389545700987
203,1044.4889779559119,265.89178356713427,402.2044088176352,192.22444889779558,85.63579175519963,210.78112676887307,227.51301552108103,67.88916131977113
204,986.7735470941884,279.69939879759517,332.86573146292585,208.09619238476955,239.6832271772845,155.05561144377037,285.46504519874105,32.89959183375379
205,817.6352705410821,307.96593186372746,370.14028056112227,161.7635270541082,204.68804140211154,175.66641848182206,269.73298811095236,40.63669950194823
206,1196.7935871743487,293.11623246492985,421.04208416833666,193.34669338677355,91.46832271772846,212.30785321613612,231.17326531854613,66.69223405943464
207,885.7715430861723,304.57915831663325,339.2785571142284,187.5751503006012,154.25380307906818,166.12437818642778,226.69703304671464,47.12193873745953
208,872.9458917835672,272.9258517034068,353.70741482965934,179.07815631262525,138.12857041795905,61.16193493709055,151.06384163974505,23.88327849558659
209,957.1142284569138,296.8937875751503,436.67334669338675,213.54709418837675,111.71063605826967,211.16280838068883,238.89118412315403,62.11999143482203
210,1125.4509018036072,287.51503006012024,350.501002004008,167.21442885771543,210.177482308021,53.90998431259088,216.98124453031022,14.386081113923577
211,1192.7855711422844,279.43887775551104,471.5430861723447,171.86372745490982,125.77732837966272,27.95563470911841,128.84662916163222,12.531029088691406
212,972.3446893787575,300.1503006012024,445.89178356713427,218.51703406813627,144.30419143710722,134.06312279390292,196.96857759442338,42.89305185187906
213,1049.2985971943888,256.77354709418836,425.4509018036072,172.5050100200401,158.71397381511963,158.10906433829655,224.0281270513104,44.89060543672483
214,1078.1563126252504,279.5691382765531,426.25250501002006,177.63527054108215,99.35939401997334,189.02527489537408,213.54822342807736,62.271753347532346
215,876.9539078156313,286.60320641282567,498.39679358717433,221.56312625250501,83.57725141548357,47.80307852353854,96.28235181223266,29.76795038601467
216,1193.5871743486973,295.07014028056113,390.18036072144287,199.27855711422845,168.66358545708056,90.93310065872073,191.61480593797273,28.33083406782857
217,808.8176352705411,276.4428857715431,398.1963927855711,220.6012024048096,178.61319709904149,119.55922154490361,214.9350637619753,33.79736568930749
218,1066.9338677354708,298.97795591182364,312.4248496993988,169.45891783567134,144.9903715503459,117.65081348582476,186.71883074875893,39.057215518385235
219,1057.314629258517,278.39679358717433,368.937875751503,216.27254509018036,179.98555732551887,81.00937875151067,197.37608844914155,24.231948518577102
220,856.1122244488978,307.05410821643284,373.34669338677355,164.00801603206412,160.08633404159698,115.36072381493013,197.32138998593732,35.777113052102
221,855.310621242485,250,487.97595190380764,228.77755511022042,182.38718772185427,174.13969203455898,252.17001920723635,43.674819608437424
222,1122.2444889779558,297.02404809619236,349.2985971943888,227.9759519038076,198.51242038296337,202.76581292074187,283.7624991708941,45.6072901410011
223,1140.681362725451,310.7014028056112,479.95991983967934,206.49298597194388,167.29122523060317,50.09316819443317,174.63012208354024,16.669641060848722
224,1027.6553106212425,279.30861723446895,417.03406813627254,217.0741482965932,169.69285562693858,192.84209101353179,256.87299842002915,48.653593247699604
225,1123.0460921843687,260.0300601202405,464.7294589178357,235.03006012024048,176.21156670270608,30.627405991828812,178.85344346031067,9.860099438400107
226,1156.7134268537075,273.96793587174346,447.0941883767535,187.41482965931863,107.25046532221822,138.26162052387642,174.98267920488797,52.19902741906684
227,1066.1322645290581,274.6192384769539,453.9078156312625,208.89779559118236,229.73361553532357,52.00157625351203,235.5455328376696,12.754309942115354
228,825.6513026052104,296.1122244488978,395.39078156312627,194.62925851703406,229.04743542208485,133.29975957027142,265.0123649472347,30.19831246101666
229,1058.9178356713428,308.74749498997994,467.9358717434869,182.9258517034068,140.1871107576751,34.062540498170755,144.2660136268213,13.657018368301788
230,841.683366733467,273.3166332665331,392.5851703406814,210.18036072144287,122.68951787008865,199.3306784143999,234.06289144659328,58.38739322608594
231,982.7655310621242,256.90380761523045,474.74949899799594,217.39478957915833,119.25861730389522,136.73489407661333,181.43607430546882,48.9054336122299
232,951.503006012024,262.11422845691385,301.2024048096192,162.88577154308618,200.22787066606008,125.66612733395596,236.39622617668525,32.11302147076352
233,806.4128256513026,271.1022044088176,329.65931863727457,223.8076152304609,110.33827583179232,92.45982710598382,143.95608615824864,39.96189471565608
234,1143.887775551102,287.6452905811623,342.48496993987976,195.75150300601203,193.70915959029256,61.543616548906314,203.25072016378255,17.62564799116797
235,1005.2104208416833,305.3607214428858,420.2404809619238,217.23446893787576,172.094486023274,200.09404163803146,263.92070327781624,49.30222874682681
236,963.5270541082164,293.5070140280561,329.2585170340681,223.4869739478958,245.85884819643263,152.76552177287576,289.45444871173686,31.854940514321502
237,954.7094188376753,287.38476953907815,405.41082164328657,222.5250501002004,225.27344479927206,181.39164265905865,289.22491759577406,38.84124357370764
238,919.438877755511,254.0380761523046,334.0681362725451,183.56713426853707,214.98074310069183,62.68866138435364,223.93433897079697,16.256752357353285
239,996.3927855711422,294.80961923847696,486.77354709418836,206.81362725450902,200.57096072267944,29.100679544565725,202.67106314216178,8.25539251447542
240,1190.380761523046,285.4308617234469,416.2324649298597,182.76553106212424,129.20822894585615,131.39135151119254,184.27819642937288,45.479973079630994
241,949.8997995991983,258.46693386773546,393.3867735470942,184.68937875751504,206.40349168520828,48.18476013535431,211.9532318440733,13.14032596950304
242,931.4629258517034,301.7134268537074,492.38476953907815,211.30260521042084,126.12041843628207,197.8039519671368,234.59062931063602,57.478288249590555
243,1127.0541082164327,303.92785571142286,434.6693386773547,180.04008016032063,95.58540339716058,68.03220394977444,117.32412418962105,35.44107839555056
244,1072.5450901803606,305.8817635270541,490.3807615230461,165.29058116232466,228.01816525222682,216.50635094610965,314.4316836532092,43.516547545199096
245,877.7555110220441,261.5931863727455,448.2965931863728,175.5511022044088,199.88478060944072,205.43758420345225,286.6330869293264,45.78488713282761
246,918.6372745490982,300.2805611222445,348.49699398797594,185.01002004008015,223.90108457279473,198.18563357895258,299.013780668993,41.513588743121595
247,1010.0200400801602,293.37675350701403,357.71543086172346,181.1623246492986,232.13524593165891,32.91749566272344,234.45753117453316,8.070908834636041
248,978.7575150300601,256.5130260521042,419.83967935871743,214.18837675350701,94.21304317068319,163.45260690371737,188.66068007696296,60.04112511072439
249,802.4048096192384,270.5811623246493,452.3046092184369,237.11422845691382,124.061878096566,68.79556717340598,141.8597182415002,29.009518407202293
250,1147.0941883767534,280.4809619238477,413.02605210420836,161.60320641282564,189.2489888542411,104.29195707227274,216.08329896666575,28.858425263375217
251,879.3587174348697,254.42885771543087,378.5571142284569,169.1382765531062,155.62616330554553,147.80366081927073,214.62857418522435,43.5232264995738
252,851.3026052104208,260.16032064128257,438.6773547094188,203.12625250501003,233.85069621475566,69.9406120088533,244.08571717390367,16.650995000129015
253,1187.1743486973946,309.5290581162325,341.28256513026054,161.12224448897797,242.77103768685856,55.818392371669745,249.1053384946051,12.948517629752597
254,1082.1643286573146,280.6112224448898,354.5090180360721,189.65931863727454,182.04409766523491,198.94899680258413,269.6678639057762,47.54058277360465
255,839.2785571142284,279.82965931863725,391.3827655310621,196.39278557114227,84.94961164196096,188.64359328355832,206.88847673336608,65.75710315445748
256,1051.7034068136272,254.9498997995992,374.1482965931864,172.0240480961924,142.5887411540105,189.40695650718985,237.0791941044214,53.02695141465088
257,876.1523046092184,276.1823647294589,351.7034068136272,211.4629258517034,124.7480582098047,161.54419884463852,204.10440026484713,52.32387406492423
258,832.8657314629259,291.9438877755511,394.58917835671343,164.80961923847696,138.4716604745784,179.101552988164,226.38853115243944,52.290738613263294
259,822.4448897795592,268.23647294589176,331.6633266533066,163.68737474949899,197.48315021310532,89.02469259964188,216.6217683210823,24.2656801118714
260,1084.569138276553,275.4008016032064,401.40280561122245,210.501002004008,90.09596249125109,180.6282794354271,201.85107824588812,63.49034069413563
261,1157.5150300601201,256.12224448897797,409.81963927855713,214.98997995991982,78.43090056619344,197.04058874350528,212.07640079936124,68.2952489754914
262,892.9859719438878,269.1482965931864,361.7234468937876,210.82164328657313,201.60023089253747,78.33760746880027,216.28553775012384,21.235078900269123
263,1014.0280561122245,273.57715430861725,485.17034068136275,200.72144288577152,167.63431528722253,147.42197920745497,223.23642985691026,41.32923809439148
264,852.1042084168337,290.3807615230461,388.1763527054108,216.1122244488978,172.78066613651265,111.16222608495663,205.45120855994026,32.756090517986145
265,1022.0440881763527,255.99198396793588,360.1202404809619,237.7555110220441,155.96925336216486,137.11657568842912,207.67128670779667,41.319532935093065
266,1191.9839679358718,311.0921843687375,443.48697394789576,230.8617234468938,174.8392064762287,181.7733242708744,252.210803768835,46.113941858170364
267,975.5511022044088,296.50300601202406,401.80360721442884,168.33667334669337,156.31234341878422,195.89554390805796,250.61646559654815,51.41233091913407
268,1015.63126252505,258.0761523046092,484.7695390781563,181.48296593186373,82.8910713022449,114.59736059129858,141.43367617412042,54.120865051147454
269,828.056112224449,257.9458917835671,376.55310621242484,174.749498997996,100.04557413321203,38.261038228144244,107.11220261921393,20.92865807919794
270,1050.1002004008017,272.1442885771543,403.4068136272545,211.62324649298597,162.4879644379324,150.8571137137969,221.72101241253665,42.87425139418016
271,1169.5390781563126,305.2304609218437,381.7635270541082,224.12825651302603,235.9092365544717,39.02440145177579,239.1151852149567,9.392879824184766
272,1076.5531062124248,283.47695390781564,396.1923847695391,176.5130260521042,118.91552724727588,113.0706341440355,164.0910446253297,43.556737735799516
273,820.8416833667335,311.3527054108216,432.26452905811624,230.70140280561122,231.44906581842025,48.56644174717008,236.48968123831682,11.850801861052524
274,944.2885771543085,308.35671342685373,437.4749498997996,231.50300601202406,215.6669232139305,116.50576865037743,245.12408265484373,28.378431075449623
275,1119.8396793587174,285.17034068136275,461.9238476953908,215.1503006012024,87.35124203829635,105.43700190772006,136.92041796942337,50.35931964015513
276,1111.0220440881762,252.08416833667334,371.3426853707415,186.2925851703407,139.50093064443644,58.87184526619592,151.4146750341947,22.88059983270798
277,1067.7354709418837,254.29859719438878,429.05811623246495,191.90380761523045,212.57911270435642,172.23128397548012,273.59366648008125,39.014340285035914
278,905.0100200400801,301.5831663326653,405.0100200400801,196.7134268537074,150.13672239963603,66.12379589069558,164.05301519905004,23.7698379978549
279,878.5571142284568,282.1743486973948,320.44088176352705,187.25450901803606,241.39867746038118,102.0018674013781,262.0643097275733,22.906258281154052
280,821.6432865731463,297.15430861723445,414.62925851703403,181.96392785571143,226.30271496913014,166.50605979824354,280.95762447731437,36.34440646424567
281,1089.37875751503,306.6633266533066,355.7114228456914,196.55310621242484,126.46350849290141,193.60545423716331,231.24898030199503,56.847342198240575
282,1177.5551102204408,285.04008016032066,314.82965931863725,198.79759519038078,127.1496886061401,45.131307240828136,134.921748454074,19.542128140102143
283,915.4308617234469,303.4068136272545,334.4689378757515,171.22244488977955,202.6295010623955,158.49074595011234,257.25091108219306,38.031456239139935
284,933.8677354709419,304.9699398797595,406.2124248496994,164.96993987975952,216.6961933837885,157.72738272648078,268.02083405729866,36.049874757238705
285,1127.8557114228456,255.6012024048096,400.2004008016032,205.53106212424848,113.76917639798573,176.4297817054536,209.9306870633972,57.184413431983806
286,1009.2184368737475,253.90781563126254,316.8336673346693,216.91382765531063,105.19192498250217,206.58262903889957,231.82261257726338,63.01479449829424
287,1046.8937875751503,298.32665330661325,472.74549098196394,212.9058116232465,135.38384996500432,137.87993891206065,193.23473907592387,45.52334553793801
288,1167.1342685370741,312.26452905811624,433.0661322645291,179.55911823647295,86.66506192505767,136.35321246479756,161.564326223162,57.56027166192392
289,985.1703406813627,268.7575150300601,300,210.66132264529057,145.6765516635846,102.38354901319389,178.05630798466566,35.10009312060469
290,920.2404809619238,312.3947895791583,463.5270541082164,191.42284569138275,114.79844656784377,60.01689010164323,129.54038147181288,27.60067127491662
291,897.7955911823647,315,308.01603206412824,215.79158316633266,79.46017073605147,191.6970461780845,207.51307488157246,67.48554807434222
292,953.9078156312626,287.7755511022044,338.47695390781564,227.1743486973948,116.85698690755981,171.84960236366436,207.81684537511188,55.78446719294394
293,906.6132264529058,294.93987975951904,486.37274549098197,166.25250501002003,81.17562101914818,129.10126184029792,152.50120411525128,57.83935301972299
294,868.1362725450902,259.8997995991984,453.5070140280561,213.22645290581164,133.32530962528827,142.07843664203415,194.838190161281,46.82041266725315
295,1055.7114228456915,294.2885771543086,475.95190380761517,233.4268537074148,228.70434536546549,140.1700285829553,268.2411499043214,31.50361066328861
296,800,307.1843687374749,347.2945891783567,188.21643286573146,119.60170736051455,71.84902006793216,139.52365422491013,30.994742607152766
297,829.6593186372745,303.5370741482966,490.78156312625254,229.8997995991984,177.2408368725641,31.009087603644584,179.93298132720798,9.923717754193017
298,955.5110220440881,268.36673346693385,447.89579158316633,204.5691382765531,149.79363234301672,143.22348147748147,207.2464666455024,43.71550558173888
299,1135.8717434869739,264.8496993987976,340.8817635270541,201.8436873747495,92.84068294420584,171.0862391400328,194.6532651476133,61.51333891760352
300,1170.3406813627255,258.3366733466934,460.7214428857715,232.78557114228457,130.58058917233353,152.38384016106,200.67915938339294,49.40610409070589
301,800.8016032064128,301.8436873747495,455.91182364729457,177.95591182364728,112.7399062281277,82.53610519877375,139.7229226637851,36.2076000323165
302,816.0320641282565,286.0821643286573,310.82164328657313,214.34869739478955,122.3464278134693,184.06341394176903,221.01581108738685,56.388126713724354
303,1151.9038076152303,289.33867735470943,322.4448897795591,227.65531062124248,89.40978237801241,106.58204674316738,139.11808607383247,50.00731120614174
304,1120.6412825651303,297.8056112224449,384.5691382765531,166.09218436873746,205.71731157196956,79.86433391606336,220.67606148437412,21.21739182362436
305,1139.879759519038,291.42284569138275,463.9278557114228,167.8557114228457,200.91405077929875,100.47514095411502,224.63683969976057,26.56918392119641
306,893.7875751503007,288.4268537074148,483.16633266533063,203.44689378757516,179.6424672688995,88.64301098782612,200.32223901365893,26.263634117063315
307,926.6533066132265,262.76553106212424,346.0921843687375,201.3627254509018,94.55613322730255,85.9712397051157,127.7963864408296,42.27737751043512
308,826.4529058116233,275.79158316633266,328.4569138276553,236.15230460921845,82.54798124562555,63.0703429961694,103.8847311850139,37.38144268882806
309,1131.8637274549098,313.436873747495,463.12625250501003,229.09819639278555,233.164516101517,141.3150734184026,272.64563364210164,31.21898603396834
310,941.0821643286573,311.4829659318637,467.53507014028054,217.5551102204409,146.70582183344263,74.90247296245833,164.7209112885113,27.047146573747174
311,1077.3547094188375,314.21843687374746,338.87775551102203,193.18637274549098,175.52538658946742,91.69646388235228,198.0338426277426,27.583080040875686
312,1065.3306613226453,303.2765531062124,427.05410821643284,188.0561122244489,176.89774681594477,44.749625629012364,182.47011213482293,14.196229676991361
313,938.6773547094188,302.49498997995994,306.0120240480962,218.8376753507014,224.5872646860334,65.74211427887981,234.01167716379393,16.316027509987883
314,843.2865731462925,301.32264529058114,476.3527054108216,210.34068136272543,88.72360226477372,40.932809510854646,97.71065700981481,24.766331624130043
315,916.2324649298597,283.99799599198394,446.29258517034066,194.4689378757515,229.3905254787042,149.71206887834958,273.92282991242575,33.130535625891646
316,842.4849699398798,289.4689378757515,306.4128256513026,228.4569138276553,183.4164578917123,98.1850512832204,208.04302757129568,28.160682613000038
317,992.3847695390782,300.80160320641284,443.8877755511022,204.0881763527054,149.45054228639736,118.03249509764053,190.43931970229463,38.30084262408596
318,995.5911823647294,308.61723446893785,481.56312625250496,214.82965931863725,76.37236022647738,214.59794288703077,227.78282309671232,70.41007799305842
319,989.1783567134269,308.22645290581164,489.57915831663325,205.0501002004008,171.75139596665463,58.49016365438014,181.43770628182764,18.80634326344607
320,1166.3326653306613,292.46492985971946,419.43887775551104,164.32865731462925,122.00333775684996,74.52079135064255,142.96210255636987,31.416979590006683
321,1020.440881763527,253.77755511022045,454.70941883767534,208.57715430861722,185.47499823142834,88.26132937601034,205.40456964772943,25.44820959678787
322,998.7975951903808,288.5571142284569,330.4609218436874,218.03607214428857,101.4179343596894,49.7114865826174,112.94613454226761,26.11246089279312
323,1096.5931863727455,282.3046092184369,491.98396793587176,179.71943887775552,107.93664543545691,108.87213641406201,153.30838696960342,45.247219470351986
324,803.2064128256513,271.88376753507015,439.8797595190381,169.93987975951904,183.07336783509294,202.38413130892607,272.90143754870894,47.868023038401475
325,977.1543086172344,282.9559118236473,451.503006012024,229.57915831663325,191.30752919395718,166.8877414100593,253.87022070193188,41.09992293262461
326,1033.2665330661323,270.06012024048096,361.32264529058114,168.01603206412827,209.49130219478235,89.40637421145766,227.7720471104934,23.111745199956285
327,850.501002004008,264.7194388777555,382.1643286573146,224.92985971943887,170.7221257967966,111.92558930858817,204.14059316718954,33.248887184205735
328,1030.8617234468938,299.6292585170341,489.97995991983964,188.85771543086173,132.29603945543022,160.3991540091912,207.9185673826582,50.484439229550894
329,967.5350701402806,276.312625250501,479.55911823647295,176.67334669338678,131.60985934219156,199.71236002621566,239.17813826374731,56.6152350505194
330,865.7314629258517,254.8196392785571,347.6953907815631,197.1943887775551,243.45721780009723,93.9865535532469,260.9691344733728,21.109059960457586
331,945.8917835671343,291.0320641282565,413.82765531062125,174.90981963927857,242.08485757361984,134.4448044057187,276.91241160000715,29.046142370087935
332,1001.2024048096192,309.2685370741483,426.65330661322645,208.7374749498998,220.4701840066013,75.2841545742741,232.96953870810628,18.853543421795518
333,1098.997995991984,300.54108216432866,473.94789579158316,190.62124248496994,203.31568117563415,191.3153645662687,279.1752763606341,43.25823212026042
334,1181.563126252505,305.4909819639279,468.3366733466934,170.5811623246493,142.93183121062987,45.89467046445968,150.11938299322088,17.80155529313608
335,910.6212424849699,274.35871743486973,462.32464929859714,228.13627254509018,218.41164366688525,215.3613061106623,306.73137801496745,44.59709662073164
336,1081.3627254509017,311.87374749498997,405.811623246493,172.34468937875752,214.2945629874531,112.30727092040395,241.94024639892496,27.65808766992744
337,1144.689378757515,303.14629258517033,388.97795591182364,184.20841683366734,239.34013712066513,99.33009611866771,259.1334969313743,22.53925449834983
338,932.2645290581163,269.0180360721443,441.0821643286573,189.97995991983967,223.55799451617537,56.20007398348552,230.5138287128205,14.111134237268558
339,849.6993987975952,302.62525050100203,328.0561122244489,183.4068136272545,234.53687632799432,201.62076808529454,309.28705191293903,40.684161857683236
340,937.0741482965932,290.77154308617236,356.5130260521042,185.97194388777555,87.008151981677,186.73518522447944,206.01079562024714,65.01711377236374
341,1185.571142284569,298.71743486973946,458.71743486973946,229.25851703406812,75.34309005661936,95.51328000051,121.65265256350014,51.73280433142939
342,945.0901803607214,293.24649298597194,482.36472945891785,209.05811623246493,98.67321390673466,214.97962449884653,236.5431083171718,65.34541283614094
343,1195.9919839679358,279.0480961923848,368.13627254509015,178.75751503006012,123.71878803994667,171.4679207518486,211.44168548570426,54.188522386867945
344,1016.4328657314629,275.0100200400802,409.0180360721443,226.05210420841684,91.8114127743478,118.79585832127208,150.13924027351885,52.3013468214993
345,1013.2264529058116,254.68937875751502,407.4148296593186,207.77555110220442,207.43276185506625,46.65803368809122,212.61543405514962,12.67661398653571
346,1050.9018036072143,278.6573146292585,399.3987975951904,227.81563126252505,161.45869426807434,121.46762960398247,202.0477542472615,36.95465472206361
347,1056.5130260521041,296.2424849699399,370.54108216432866,236.47294589178358,143.2749212672492,176.04810009363783,226.98157769016407,50.85993760640969
348,922.6452905811623,256.38276553106215,359.3186372745491,201.68336673346693,198.16933032634404,188.26191167174252,273.3379426063836,43.531358530081306
349,1180.7615230460922,270.9719438877755,488.7775551102204,218.67735470941884,188.56280874100244,135.20816762935024,232.0284065238184,35.64225582984824
350,1128.6573146292585,283.21643286573146,449.8997995991984,220.1202404809619,106.90737526559889,143.986844701113,179.33599285464706,53.40684644229202
351,804.8096192384769,267.97595190380764,308.4168336673347,225.57114228456913,163.5172346077904,127.19285378121904,207.1615506477728,37.87777424976629
352,1159.9198396793586,292.8557114228457,326.05210420841684,175.87174348697394,94.89922328392188,150.09375049016535,177.57814199978463,57.69621103054414
353,1161.5230460921844,282.4348697394789,453.1062124248497,234.3887775551102,219.09782378012392,96.27664322414154,239.31788152099057,23.721795590840348
354,888.1763527054109,258.59719438877755,386.17234468937875,174.58917835671343,222.52872434631735,92.84150871779958,241.1194287074282,22.646451113548135
355,801.6032064128257,305.751503006012,310.0200400801603,187.89579158316633,133.6683996819076,51.238213029880484,143.15235082951872,20.972992561053143
356,848.0961923847696,261.3326653306613,351.30260521042084,201.52304609218436,191.99370930719584,92.07814549416804,212.93184189120515,25.62188186577737
357,1018.8376753507014,309.0080160320641,304.80961923847696,205.21042084168334,108.6228255486956,173.37632881092742,204.59293639355485,57.93224978063409
358,1176.753507014028,278.26653306613224,358.9178356713427,197.03406813627254,76.02927016985804,70.32229362066907,103.56483429539614,42.76688356748032
359,937.875751503006,259.6392785571142,362.9258517034068,221.88376753507015,132.9822195686689,120.70426638035092,179.59340367571517,42.229153147966535
360,1000.4008016032064,253.12625250501003,360.52104208416836,232.30460921843687,114.45535651122441,98.56673289503617,151.04777213753565,40.734392893189764
361,812.0240480961924,288.687374749499,445.09018036072143,191.10220440881764,160.42942409821632,205.05590259163648,260.35653113405095,51.96146812249837
362,1175.9519038076153,313.0460921843687,452.7054108216433,169.77955911823648,219.44091383674328,142.84179986566568,261.83600679503166,33.06151685880894
363,1017.2344689378758,300.67134268537075,401.002004008016,170.90180360721442,238.65395700742647,60.398571713459006,246.17818477746644,14.2022194574074
364,1133.4669338677354,309.3987975951904,387.37474949899797,173.94789579158316,213.60838287421444,179.48323459997977,279.00317692923926,40.038466321007576
365,959.5190380761524,263.1563126252505,369.7394789579158,231.18236472945893,202.28641100577613,108.49045480224623,229.54296081735117,28.20559473813448
366,1130.260521042084,279.17835671342687,457.51503006012024,202.96593186372746,171.06521585341596,60.78025332527477,181.54213634652527,19.56035844948782
367,993.186372745491,258.9879759519038,378.9579158316633,226.2124248496994,230.7628857051816,119.94090315671937,260.0717779172362,27.463525432594835
368,960.3206412825651,274.8797595190381,445.4909819639279,180.84168336673346,147.73509200330065,117.26913187400898,188.6205362618488,38.44183623166232
369,973.1462925851704,255.47094188376752,340.4809619238477,239.5190380761523,195.76769993000863,155.43729305558617,249.97148719070756,38.44916936451563
370,1039.6793587174348,294.0280561122244,478.3567134268537,227.4949899799599,128.17895877599813,44.36794401719659,135.64055414665674,19.0928151832341
371,1054.1082164328657,251.56312625250501,408.6172344689379,172.18436873747495,153.22453290921015,120.32258476853515,194.82115360151974,38.141473800241165
372,1042.885771543086,250.1302605210421,379.7595190380762,232.625250501002,117.20007696417916,182.53668749450594,216.92279806852125,57.29697575075011
373,1026.0521042084167,284.5190380761523,365.33066132264526,202.3246492985972,93.18377300082517,114.2156789794828,147.40568807007952,50.790439909255014
374,1194.3887775551102,284.2585170340681,465.9318637274549,232.94589178356713,187.19044851452506,80.6276971396949,203.81631328507396,23.302776469921312
375,1053.306613226453,314.7394789579158,304.0080160320641,210.0200400801603,151.5090826261134,45.51298885264391,158.1974534324347,16.720150107886724
376,1043.687374749499,280.7414829659319,475.1503006012024,238.87775551102203,115.48462668108245,77.57424424516873,139.12031616510248,33.89035876185779
377,1083.7675350701402,260.29058116232466,427.4549098196393,228.61723446893788,177.58392692918346,63.45202460798518,188.57945415776857,19.662177149656426
378,1012.4248496993988,260.811623246493,332.46492985971946,187.0941883767535,152.1952627393521,93.22319032961536,178.47678060613967,31.48845267167791
379,1086.1723446893789,286.7334669338677,429.85971943887773,199.43887775551102,235.5661464978524,39.78776467540733,238.90264877919049,9.586931064696639
380,840.8817635270541,281.1322645290581,435.4709418837675,231.6633266533066,92.49759288758649,208.49103709797842,228.08839786404812,66.07540739279261
381,964.3286573146293,264.0681362725451,394.9899799599198,222.68537074148296,154.5968931356875,65.36043266706403,167.8457194140887,22.917656131527032
382,1092.5851703406813,250.9118236472946,343.2865731462926,167.69539078156313,225.95962491251078,165.742696574612,280.2291804192177,36.26026329998221
383,1029.258517034068,308.09619238476955,434.2685370741483,186.61322645290582,150.82290251287475,86.35292131693149,173.7940589962047,29.793085580871097
384,1131.062124248497,260.55110220440883,402.6052104208417,200.40080160320642,144.64728149372655,47.421396911722766,152.2222878838198,18.151296239140308
385,835.2705410821643,312.13426853707415,308.8176352705411,211.9438877755511,104.84883492588283,208.10935548616266,233.02957328669905,63.26030077862534
386,1186.372745490982,255.7314629258517,352.9058116232465,166.73346693386773,104.16265481264413,71.08565684430062,126.10721338053474,34.311526910199895
387,1047.6953907815632,289.72945891783564,336.4729458917836,216.5931863727455,163.86032466440975,140.93339180658683,216.13057841322382,40.698246981446246
388,1171.943887775551,290.90180360721445,305.21042084168334,198.95791583166334,192.3367993638152,101.62018578956234,217.53185180433158,27.849509316922727
389,965.9318637274549,257.1643286573146,464.32865731462925,238.0761523046092,138.81475053119775,190.93368295445293,236.06186954184324,53.98167762073191
390,892.184368737475,275.92184368737475,318.0360721442886,221.72344689378758,244.14339791333595,59.253526878011684,251.2309280167407,13.64189986202631
391,1006.0120240480962,254.1683366733467,480.7615230460922,230.06012024048096,164.88959483426777,144.36852631292876,219.15941657701086,41.203658346983595
392,1030.060120240481,289.9899799599198,482.76553106212424,192.70541082164328,96.95776362363794,135.9715308529818,167.00019499809164,54.50831984106467
393,950.7014028056112,299.10821643286573,397.7955911823647,196.87374749498997,93.86995311406386,139.7883469711395,168.3815608864588,56.11805236908183
394,929.058116232465,312.9158316633266,495.190380761523,206.01202404809618,100.73175424645072,72.61238329156369,124.17505595266829,35.78591040625062
395,1107.8156312625251,284.3887775551102,334.8697394789579,181.32264529058116,131.2667692855722,141.69675503021838,193.15520988253297,47.18821758994538
396,1002.8056112224449,290.250501002004,342.88577154308615,223.96793587174346,95.24231334054123,93.60487194143114,133.54014490642714,44.50321668708192
397,1108.6172344689378,299.8897795591182,317.63527054108215,173.14629258517033,147.04891189006196,160.78083562100696,217.8849687129437,47.55420412913108
398,908.2164328657315,290.5110220440882,324.44889779559117,192.54509018036072,190.62134908071846,80.24601552787912,206.8234071217611,22.829669899441058
399,933.0661322645291,251.17234468937875,356.9138276553106,231.3426853707415,236.93850672432973,162.68924368008584,287.4154588360786,34.47468642421986
400,1041.2825651302605,278.0060120240481,444.2885771543086,190.94188376753507,161.11560421145504,76.04751779790564,178.16133947533342,25.267587544799433
401,880.9619238476954,272.40480961923845,372.14428857715427,224.7695390781563,120.28788747375324,195.1321806844264,229.22858419393938,58.348529920709495
402,838.4769539078156,266.80360721442884,466.3326653306613,163.04609218436875,210.86366242125968,158.8724275619281,264.01502299893286,36.99571224877377
403,1002.004008016032,268.8877755511022,382.565130260521,212.58517034068137,153.91071302244882,153.91056660832305,217.6625142204639,44.99997274746087
404,965.130260521042,310.57114228456913,485.57114228456913,205.3707414829659,195.08151981676994,192.460409401716,274.0397937546606,44.61249025397572
405,1118.2364729458918,280.09018036072143,322.84569138276555,190.3006012024048,120.97406758699194,212.68953482795192,244.68666341644504,60.36954224068045
406,1106.2124248496993,300.41082164328657,395.79158316633266,200.08016032064128,139.8440207010558,95.89496161232577,169.56471858398714,34.439524043571765
407,1093.3867735470942,306.53306613226454,393.7875751503006,186.93386773547093,218.0685536102659,97.42168805958886,238.84069874720524,24.07260768134308
408,1046.0921843687374,277.2244488977956,385.77154308617236,198.31663326653307,183.75954794833163,33.29917727453921,186.75226014518907,10.271144774152052
409,909.0180360721442,309.1382765531062,300.4008016032064,205.8517034068136,226.64580502574944,206.96431065071533,306.9243340285938,42.401137434395885
410,1085.370741482966,251.82364729458916,489.17835671342687,235.99198396793588,121.31715764361127,154.6739298319546,196.57537309740823,51.89144347943569
411,844.0881763527054,306.0120240480962,495.9919839679359,169.29859719438878,151.16599256949408,53.146621088959336,160.23645229065,19.370546945396786
412,1141.4829659318636,297.6753507014028,373.74749498997994,162.08416833667334,112.39681617150836,118.4141767094563,163.26347274044548,46.49339197493748
413,1071.743486973948,304.83967935871743,496.79358717434866,169.6192384769539,155.2830732489262,105.81868351953584,187.91068787974532,34.27273413969426
414,895.3907815631262,252.60521042084167,397.3947895791583,207.13426853707415,181.35791755199625,103.5285938486412,208.82735453736316,29.719986947106648
415,1035.6713426853707,309.9198396793587,466.7334669338677,176.19238476953907,136.41312013486234,55.0550291480382,147.10402978647363,21.978531188252102
416,858.5170340681362,257.8156312625251,491.5831663326653,186.45290581162325,174.4961164196094,196.27722551987372,262.6283379669933,48.36198123980959
417,1115.8316633266531,284.6492985971944,352.10420841683367,188.5370741482966,109.65209571855362,134.82648601753448,173.7865455877044,50.87912663969716
418,923.4468937875752,273.70741482965934,324.0480961923848,168.97795591182364,224.2441746294141,54.67334753622242,230.81296494357443,13.702052429274104
419,1174.3486973947895,264.19839679358716,459.9198396793587,200.24048096192385,116.17080679432112,54.29166592440666,128.23120267739387,25.04872762144943
420,957.9158316633266,285.9519038076152,400.6012024048096,189.8196392785571,187.5335385711444,111.54390769677241,218.19915543668125,30.74394683225804
421,912.2244488977956,265.3707414829659,476.75350701402806,209.2184368737475,175.86847664608675,97.80336967140462,201.2342421082868,29.079159855441883
422,1048.4969939879759,292.7254509018036,314.0280561122245,179.23847695390782,89.06669232139306,34.8259037218023,95.63325389797181,21.35595984495894
423,1006.813627254509,265.7615230460922,493.5871743486974,189.0180360721443,115.1415366244631,43.22289918174928,122.98696056866451,20.57559728049585
424,940.2805611222445,278.5270541082164,340.08016032064126,170.42084168336675,148.7643621731587,94.74991677687845,176.37568478112883,32.49357957420938
425,894.5891783567134,295.9819639278557,438.2765531062124,171.70340681362725,101.07484430307005,49.32980497080162,112.47023521513226,26.014793663178487
426,1075.751503006012,275.5310621242485,376.9539078156313,234.06813627254508,196.11078998662796,77.9559258569845,211.03688854178782,21.678296892298402
427,827.2545090180361,275.14028056112227,412.62525050100203,225.09018036072143,80.83253096252884,50.47484980624894,95.29747386353728,31.98219451747539
428,1182.3647294589177,310.9619238476954,428.6573146292585,165.1302605210421,227.67507519560746,101.23850417774656,249.16896795843803,23.97290754696964
429,1178.3567134268537,253.2565130260521,458.316633266533,192.06412825651302,129.5513190024755,129.4829434521137,183.1648899224533,44.984876014742206
430,988.376753507014,306.9238476953908,363.32665330661325,235.3507014028056,198.8555104395827,28.337316320934182,200.8644257414928,8.110162504605391
431,1058.11623246493,267.84569138276555,478.75751503006006,222.0440881763527,223.21490445955607,206.2009474270838,303.8811022303225,42.731061162520035
432,866.5330661322645,266.67334669338675,497.5951903807615,233.58717434869737,158.37088375850027,43.98626240538082,164.36583617906558,15.522213416804416
433,861.7234468937876,311.7434869739479,394.188376753507,182.4448897795591,204.34495134549218,193.22377262534755,281.23350697945574,43.39768461635366
434,888.9779559118236,273.44689378757516,481.16232464929857,225.250501002004,222.185634289698,31.390769215460356,224.39214887480736,8.041623293266944
435,1171.1422845691382,274.4889779559118,330.8617234468938,170.26052104208418,177.92701698580282,107.34540996679893,207.80053035160017,31.103062437403214
436,813.627254509018,250.52104208416833,320.04008016032066,207.61523046092185,178.27010704242213,72.99406490337947,192.6353149763444,22.267023207493672
437,1155.1102204408817,297.4148296593186,371.7434869739479,200.56112224448896,88.03742215153504,184.44509555358482,204.37852375643246,64.48440703663323
438,1167.935871743487,304.70941883767534,362.5250501002004,231.82364729458916,78.77399062281279,156.96401950284925,175.62188080399844,63.34974804454082
439,1021.2424849699398,313.69739478957916,411.8236472945892,193.50701402805612,151.85217268273277,164.97933335098045,224.22591906690988,47.372557484932585
440,1197.5951903807616,271.4929859719439,333.26653306613224,235.51102204408818,216.01001327054985,90.16973743508919,234.07457653973455,22.657273893952592
441,1045.2905811623245,286.3426853707415,441.4829659318637,193.6673346693387,97.64394373687662,68.4138855615902,119.2258339711855,35.01687213080554
442,1189.5791583166333,281.2625250501002,336.07214428857714,162.40480961923848,106.56428520897954,177.95650815271668,207.4233971277316,59.08589441637987
443,909.8196392785571,263.0260521042084,364.5290581162325,215.31062124248496,208.11894196830497,147.04029759563917,254.82217941737494,35.241988954542265
444,1024.4488977955912,307.314629258517,430.2605210420842,163.52705410821642,194.0522496469119,205.81926581526804,282.87425788460035,46.68555606346806
445,860.1202404809619,267.3246492985972,380.9619238476954,209.37875751503006,165.5757749475065,214.216261275215,270.74701077610905,52.298219544839895
446,942.685370741483,313.95791583166334,366.53306613226454,228.29659318637275,152.53835279597143,40.1694462872231,157.7388141477244,14.75331925095813
447,1153.5070140280561,276.5731462925852,427.8557114228457,203.2865731462926,141.21638092753312,73.37574651519523,159.14165519728746,27.456297384195107
448,1018.0360721442886,297.935871743487,313.22645290581164,211.14228456913827,219.78400389336264,123.37603766306133,252.04494646160785,29.307732805258844
449,1090.9819639278558,307.4448897795591,413.4268537074148,204.72945891783567,134.3545797951463,100.09345934229925,167.54060318334433,36.685918007765075
450,1199.198396793587,283.86773547094185,467.13426853707415,173.46693386773546,77.74472045295475,211.54448999250462,225.37815511823007,69.82111396574615
451,1011.623246492986,281.9138276553106,483.5671342685371,213.7074148296593,136.7562101914817,209.63608193342574,250.29891704586882,56.881558725419985
452,804.0080160320641,271.2324649298597,411.02204408817636,225.89178356713427,154.93998319230684,195.5138622962422,249.4635619516932,51.60403092147902
453,946.6933867735471,314.34869739478955,392.98597194388776,199.59919839679358,215.32383315731113,122.99435605124556,247.97573418788002,29.735285203782404
454,809.6192384769539,312.6553106212425,451.90380761523045,192.86573146292585,130.92367922895286,139.40666535932374,191.24651141773074,46.79735597980047
455,1142.2845691382765,308.48697394789576,325.6513026052104,191.26252505010018,244.8295780265746,187.11686683629523,308.1464653882995,37.38973707122443
456,836.87374749499,285.69138276553105,498.7975951903808,215.47094188376752,105.5350150391215,178.33818976453247,207.2248762282125,59.38426817864654
457,1034.8697394789579,280.2204408817635,372.5450901803607,237.43486973947896,202.97259111901482,122.23099282761402,236.93519863707672,31.056537051860417
458,1179.1583166332666,277.87575150300603,366.13226452905815,184.84969939879758,217.38237349702723,197.42227035532105,293.6505561708517,42.24509300592617
459,852.9058116232464,271.75350701402806,327.6553106212425,214.6693386773547,206.74658174182758,168.7961494691382,266.90127226661514,39.229570377237614
460,962.7254509018036,262.24448897795594,327.25450901803606,225.7314629258517,189.59207891086044,127.57453539303482,228.5178734070721,33.93619930924843
461,1014.8296593186373,298.19639278557116,360.92184368737475,234.54909819639278,191.6506192505765,168.4144678573224,255.13406836954277,41.30764011490715
462,1094.1883767535069,283.7374749498998,494.3887775551102,160.80160320641284,240.36940729052316,98.94841450685195,259.93891723752563,22.374586361820697
463,905.811623246493,291.6833667334669,307.2144288577154,208.41683366733466,136.070030078243,32.53581405090767,139.9057978836088,13.447551028476854
464,1003.6072144288577,294.5490981963928,421.8436873747495,172.66533066132266,171.40830591003532,146.6586159838234,225.58713832406056,40.55061842081264
465,1101.4028056112224,283.34669338677355,418.23647294589176,160,181.0148274953769,86.73460292874725,200.72184514493807,25.601758022102853
466,1060.5210420841684,259.5090180360721,359.7194388777555,237.59519038076152,109.30900566193428,114.97904220311435,158.64626962127517,46.448137725763445
467,925.8517034068136,308.87775551102203,479.1583166332665,180.52104208416833,159.74324398497765,146.27693437200764,216.5983507049782,42.48034502785464
468,900.2004008016032,286.9939879759519,480.36072144288573,176.83366733466934,164.54650477764847,211.92617160432036,268.30626985854155,52.1730504518425
469,864.128256513026,272.7955911823647,462.7254509018036,238.23647294589176,84.26343152872226,213.45289805158345,229.48303985178367,68.45769834220559
470,873.7474949899799,292.98597194388776,364.12825651302603,239.19839679358716,206.06040162858892,110.78054447314086,233.9513157755282,28.26300808470409
471,1032.4649298597194,307.5751503006012,485.9719438877755,226.53306613226454,221.84254423307868,76.81088102153718,234.7637661035242,19.097927279848133
472,882.5651302605211,312.5250501002004,389.37875751503003,237.91583166332666,145.33346160696527,132.53639634663986,196.69192006591643,42.36315370092252
473,1040.4809619238476,310.44088176352705,335.67134268537075,202.48496993987976,173.80993630637067,148.1853424310865,228.40488101230017,40.449953672488476
474,1095.7915831663327,264.58917835671343,430.66132264529057,174.42885771543087,232.82142604489763,210.01776354524154,313.54948162949455,42.052201702488745
475,1109.4188376753507,266.9338677354709,406.6132264529058,223.16633266533066,125.09114826642403,140.55171019477106,188.15572968498034,48.33088867531482
476,1102.2044088176353,307.8356713426854,349.69939879759517,198.1563126252505,130.23749911571417,115.74240542674589,174.23579020937365,41.6275766402133
477,1079.7595190380762,272.53507014028054,473.5470941883767,189.49899799599197,221.49945417645932,207.34599226253113,303.4046286855278,43.10971668634165
478,887.374749498998,305.1002004008016,305.6112224448898,224.60921843687373,218.75473372350456,82.91778681058953,233.94228539536786,20.758939435150705
479,860.9218436873748,292.0741482965932,470.7414829659318,168.1763527054108,82.2048911890062,208.8727187097942,224.46705049208708,68.51716131614333
480,886.5731462925852,299.498997995992,495.59118236472943,197.6753507014028,221.15636411983996,181.00996104724285,285.7879342957495,39.299313409205034
481,1059.7194388777555,284.90981963927857,355.31062124248496,181.00200400801603,189.9351689674798,170.70455752821704,255.37308858141154,41.9476731201156
482,1121.442885771543,270.8416833667335,500,160.9619238476954,190.96443913733782,149.33038726653382,242.41902065681845,38.02469922631177
483,921.8436873747495,270.32064128256513,302.40480961923845,178.11623246492985,207.7758519116856,132.91807795845563,246.653643974292,32.60780375846953
484,1062.124248496994,287.9058116232465,423.0460921843687,185.65130260521042,124.40496815318535,42.841217569933505,131.57494451478763,19.00212118655416
485,864.9298597194389,298.0661322645291,375.751503006012,171.06212424849699,208.46203202492427,200.47572324984722,289.21779753070155,43.88119005741183
486,1112.625250501002,281.39278557114227,324.8496993987976,201.04208416833666,117.88625707741784,29.482361156381497,121.51699151591254,14.041182248280629
487,899.3987975951903,265.2404809619238,417.8356713426854,183.24649298597194,226.9888950823688,174.9030552581905,286.5572145826454,37.61553628860061
488,1154.3086172344688,271.62324649298597,386.5731462925852,206.97394789579158,199.5416905528214,64.59706944343249,209.73713941349914,17.938176949718727
489,1152.7054108216432,256.25250501002006,471.14228456913827,224.2885771543086,207.08967179844694,178.71987137634824,273.5451052209981,40.794428574727135
490,991.5831663326653,314.47895791583164,422.2444889779559,240,146.01964172020394,109.25381802587776,182.3681236437123,36.804319377768635
491,1088.577154308617,264.32865731462925,494.78957915831666,177.31462925851704,213.9514729308338,152.00215854924423,262.4497837166243,35.39194963186331
492,1070.1402805611222,265.501002004008,422.6452905811623,219.15831663326654,244.48648796995525,132.1547147348241,277.9181739766685,28.392993373014278
493,1139.0781563126252,299.7595190380762,446.6933867735471,180.6813627254509,127.83586871937878,26.810589873671095,130.61706267028225,11.844778599244767
494,925.0501002004008,304.44889779559117,366.9338677354709,233.74749498997994,182.7302777784736,87.11628454056303,202.43419041542975,25.489376073467458
495,880.1603206412825,257.685370741483,379.35871743486973,236.95390781563125,134.69766985176562,69.55893039703753,151.5978464935276,27.31218420695522
496,1105.4108216432865,252.34468937875752,390.9819639278557,195.59118236472946,115.82771673770179,204.67422097982072,235.1756719951402,60.49393253519504
497,1183.1663326653306,252.4749498997996,376.15230460921845,160.64128256513027,188.2197186843831,113.45231575585126,219.76826534327856,31.08011455542518
498,889.7795591182364,276.9639278557114,456.312625250501,231.98396793587173,79.11708067943212,78.71928908061605,111.60752182802631,44.8555989882658
499,814.4288577154308,266.28256513026054,408.21643286573146,189.33867735470943,84.60652158534161,153.5288849965073,175.29798065876753,61.141770199386926
