run,geometry_observed,nearest_neighbor_chamfer,mean_10_nn_chamfer,mean_all_chamfer,medoid_chamfer,medoid_run,ood_score,imputation_neighbors
0,True,0.011387518607079983,0.013262450695037842,0.04128580167889595,0.03824697807431221,115,0.013262450695037842,
1,True,0.011009939946234226,0.013251036405563354,0.05647054687142372,0.052962712943553925,115,0.013251036405563354,
2,True,0.010547779500484467,0.013195875100791454,0.03964688628911972,0.029308414086699486,115,0.013195875100791454,
3,True,0.011509324423968792,0.012370792217552662,0.03359327092766762,0.012307984754443169,115,0.012370792217552662,
4,True,0.010701311752200127,0.013436922803521156,0.05352438986301422,0.05592511221766472,115,0.013436922803521156,
5,True,0.01154999528080225,0.014133569784462452,0.04039603844285011,0.029157301411032677,115,0.014133569784462452,
6,True,0.011555272154510021,0.01279392559081316,0.034877147525548935,0.015376703813672066,115,0.01279392559081316,
7,True,0.011886964552104473,0.012538546696305275,0.043491609394550323,0.04243140295147896,115,0.012538546696305275,
8,True,0.011150975711643696,0.013016683049499989,0.05060537904500961,0.05194465070962906,115,0.013016683049499989,
9,True,0.01245274767279625,0.013386750593781471,0.04151185229420662,0.034206323325634,115,0.013386750593781471,
10,True,0.010149999521672726,0.014017825946211815,0.04578939452767372,0.04009588807821274,115,0.014017825946211815,
11,True,0.011157217435538769,0.013929265551269054,0.03790871426463127,0.02502146176993847,115,0.013929265551269054,
12,True,0.011213844642043114,0.013062526471912861,0.05271097272634506,0.05017121136188507,115,0.013062526471912861,
13,True,0.011921362020075321,0.013676638714969158,0.047521770000457764,0.03983796015381813,115,0.013676638714969158,
14,True,0.012008284218609333,0.014828095212578773,0.03725012391805649,0.020932842046022415,115,0.014828095212578773,
15,True,0.010373864322900772,0.012675918638706207,0.04253527149558067,0.03911801055073738,115,0.012675918638706207,
16,True,0.010241445153951645,0.011512642726302147,0.038406386971473694,0.025528769940137863,115,0.011512642726302147,
17,True,0.011789039708673954,0.01429742295295,0.049125123769044876,0.04818498715758324,115,0.01429742295295,
18,True,0.010927367024123669,0.013093682937324047,0.03432627394795418,0.016404666006565094,115,0.013093682937324047,
19,True,0.009818362072110176,0.011920268647372723,0.04855955392122269,0.04919042810797691,115,0.011920268647372723,
20,True,0.012867278419435024,0.01521618478000164,0.03927508369088173,0.03147498518228531,115,0.01521618478000164,
21,True,0.010895133018493652,0.012846298515796661,0.03587749972939491,0.01692228578031063,115,0.012846298515796661,
22,True,0.011820620857179165,0.013819458894431591,0.05902153626084328,0.05692881718277931,115,0.013819458894431591,
23,True,0.010261948220431805,0.012863698415458202,0.044761836528778076,0.037452731281518936,115,0.012863698415458202,
24,True,0.010513492859899998,0.012658089399337769,0.03572552651166916,0.017877204343676567,115,0.012658089399337769,
25,True,0.011507011950016022,0.013040557503700256,0.04703732579946518,0.046251993626356125,115,0.013040557503700256,
26,True,0.010600236244499683,0.012397149577736855,0.04111762344837189,0.030570050701498985,115,0.012397149577736855,
27,True,0.009490364231169224,0.011511269956827164,0.03818701207637787,0.030990643426775932,115,0.011511269956827164,
28,True,0.010860958136618137,0.012726997956633568,0.03402654081583023,0.01745646819472313,115,0.012726997956633568,
29,True,0.010579857043921947,0.013094527646899223,0.05072718858718872,0.053202178329229355,115,0.013094527646899223,
30,True,0.00891837291419506,0.011897267773747444,0.0365508496761322,0.02734348177909851,115,0.011897267773747444,
31,True,0.00891837291419506,0.011953024193644524,0.03663557767868042,0.02737654559314251,115,0.011953024193644524,
32,True,0.01178054977208376,0.01331239938735962,0.044792160391807556,0.038074690848588943,115,0.01331239938735962,
33,True,0.01087418757379055,0.011944858357310295,0.03442177176475525,0.012708167545497417,115,0.011944858357310295,
34,True,0.01089719869196415,0.012335582636296749,0.04284502938389778,0.039931099861860275,115,0.012335582636296749,
35,True,0.010727709159255028,0.013044538907706738,0.03844863176345825,0.02510569803416729,115,0.013044538907706738,
36,True,0.010102402418851852,0.012338834814727306,0.039571456611156464,0.02707541175186634,115,0.012338834814727306,
37,True,0.010749096982181072,0.013162517920136452,0.04447801038622856,0.042671091854572296,115,0.013162517920136452,
38,True,0.011114558205008507,0.012699991464614868,0.03349260985851288,0.015496421605348587,115,0.012699991464614868,
39,True,0.010612605139613152,0.012481985613703728,0.035326529294252396,0.022583890706300735,115,0.012481985613703728,
40,True,0.013442505151033401,0.015488195233047009,0.0499306283891201,0.04255947098135948,115,0.015488195233047009,
41,True,0.012020748108625412,0.013740424998104572,0.03715561702847481,0.029136115685105324,115,0.013740424998104572,
42,True,0.009787488728761673,0.012273909524083138,0.03556263446807861,0.015094316564500332,115,0.012273909524083138,
43,True,0.010189495049417019,0.012838209979236126,0.0342094711959362,0.013711540028452873,115,0.012838209979236126,
44,True,0.010083073750138283,0.012880918569862843,0.04320306330919266,0.034211959689855576,115,0.012880918569862843,
45,True,0.009806604124605656,0.013147053308784962,0.0362202450633049,0.020818931981921196,115,0.013147053308784962,
46,True,0.011238104663789272,0.012345580384135246,0.04009832814335823,0.03549583628773689,115,0.012345580384135246,
47,True,0.010543610900640488,0.013990441337227821,0.03949408978223801,0.02766445279121399,115,0.013990441337227821,
48,True,0.009635820984840393,0.012854931876063347,0.049627549946308136,0.05091949179768562,115,0.012854931876063347,
49,True,0.010492951609194279,0.012494039721786976,0.035110633820295334,0.023867812007665634,115,0.012494039721786976,
50,True,0.013094361871480942,0.014725496992468834,0.04429764300584793,0.039075013250112534,115,0.014725496992468834,
51,True,0.010708970949053764,0.013613102026283741,0.03766370564699173,0.02459827996790409,115,0.013613102026283741,
52,True,0.010185126215219498,0.012646054849028587,0.044401030987501144,0.03792896866798401,115,0.012646054849028587,
53,True,0.009615394286811352,0.012369819916784763,0.033640820533037186,0.012952952645719051,115,0.012369819916784763,
54,True,0.01212071068584919,0.013602484948933125,0.03866367042064667,0.024225788190960884,115,0.013602484948933125,
55,True,0.010020468384027481,0.012629804201424122,0.036491185426712036,0.018698325380682945,115,0.012629804201424122,
56,True,0.010957827791571617,0.012206071056425571,0.03373796120285988,0.01495303027331829,115,0.012206071056425571,
57,True,0.01283231656998396,0.016860544681549072,0.05935328081250191,0.06256767362356186,115,0.016860544681549072,
58,True,0.011157868430018425,0.012793394736945629,0.03559685871005058,0.022277958691120148,115,0.012793394736945629,
59,True,0.01318379770964384,0.015344934538006783,0.0455981083214283,0.03712679445743561,115,0.015344934538006783,
60,True,0.013826809823513031,0.015726733952760696,0.04090641438961029,0.03518194705247879,115,0.015726733952760696,
61,True,0.010233980603516102,0.01232092548161745,0.0355406254529953,0.016220910474658012,115,0.01232092548161745,
62,True,0.011826787143945694,0.013856202363967896,0.05425432324409485,0.05200326070189476,115,0.013856202363967896,
63,True,0.010531350038945675,0.01350613497197628,0.03480927273631096,0.016802148893475533,115,0.01350613497197628,
64,True,0.01077455747872591,0.011790520511567593,0.045263614505529404,0.04441678151488304,115,0.011790520511567593,
65,True,0.012252600863575935,0.013737152330577374,0.04236595332622528,0.03396288678050041,115,0.013737152330577374,
66,True,0.01249685324728489,0.014912483282387257,0.03741711378097534,0.026593979448080063,115,0.014912483282387257,
67,True,0.009911531582474709,0.011584421619772911,0.048246826976537704,0.04886375740170479,115,0.011584421619772911,
68,True,0.011088039726018906,0.012897312641143799,0.05116324499249458,0.04743942245841026,115,0.012897312641143799,
69,True,0.009596668183803558,0.012562038376927376,0.03443862125277519,0.015863623470067978,115,0.012562038376927376,
70,True,0.010501796379685402,0.013671675696969032,0.05483553931117058,0.05149687081575394,115,0.013671675696969032,
71,True,0.010561534203588963,0.011958612129092216,0.03407052159309387,0.011373537592589855,115,0.011958612129092216,
72,True,0.012064927257597446,0.01746426895260811,0.0536867156624794,0.055677641183137894,115,0.01746426895260811,
73,True,0.01219950057566166,0.013178017921745777,0.03901924565434456,0.027651270851492882,115,0.013178017921745777,
74,True,0.011096742004156113,0.012258653528988361,0.04066529497504234,0.03689809516072273,115,0.012258653528988361,
75,True,0.011933083645999432,0.012702187523245811,0.034044984728097916,0.012212133966386318,115,0.012702187523245811,
76,True,0.011845076456665993,0.012540718540549278,0.03514784574508667,0.020117679610848427,115,0.012540718540549278,
77,True,0.009935575537383556,0.011647654697299004,0.03725145757198334,0.029301010072231293,115,0.011647654697299004,
78,True,0.011292885057628155,0.012916048988699913,0.05399074777960777,0.05127245932817459,115,0.012916048988699913,
79,True,0.012450383976101875,0.014197349548339844,0.04292396828532219,0.03206207603216171,115,0.014197349548339844,
80,True,0.0100817596539855,0.012955896556377411,0.03556123003363609,0.021370509639382362,115,0.012955896556377411,
81,True,0.012341976165771484,0.014487706124782562,0.04217182844877243,0.03359149768948555,115,0.014487706124782562,
82,True,0.010895133018493652,0.012638302519917488,0.036285754293203354,0.017733542248606682,115,0.012638302519917488,
83,True,0.011798141524195671,0.012458031997084618,0.04144105687737465,0.038182228803634644,115,0.012458031997084618,
84,True,0.010541833937168121,0.013724635355174541,0.048521652817726135,0.048178184777498245,115,0.013724635355174541,
85,True,0.01056189276278019,0.011936021968722343,0.03667242452502251,0.02660462073981762,115,0.011936021968722343,
86,True,0.011124493554234505,0.012513640336692333,0.04937281832098961,0.044036876410245895,115,0.012513640336692333,
87,True,0.00975774135440588,0.013487035408616066,0.04493710398674011,0.04266781732439995,115,0.013487035408616066,
88,True,0.011564011685550213,0.012671425938606262,0.05236012488603592,0.049248307943344116,115,0.012671425938606262,
89,True,0.012682211585342884,0.013258358463644981,0.0408281646668911,0.030973348766565323,115,0.013258358463644981,
90,True,0.012353197671473026,0.013780256733298302,0.04926513135433197,0.05062468349933624,115,0.013780256733298302,
91,True,0.011570622213184834,0.012393051758408546,0.03738311305642128,0.023241683840751648,115,0.012393051758408546,
92,True,0.011966320686042309,0.013744816184043884,0.03661346435546875,0.02215883694589138,115,0.013744816184043884,
93,True,0.011912383139133453,0.013699990697205067,0.04908175766468048,0.04860259220004082,115,0.013699990697205067,
94,True,0.010244164615869522,0.014857937581837177,0.038308035582304,0.028338411822915077,115,0.014857937581837177,
95,True,0.011466301046311855,0.01242103148251772,0.035481881350278854,0.021633205935359,115,0.01242103148251772,
96,True,0.01010688953101635,0.011791740544140339,0.03680938109755516,0.027401022613048553,115,0.011791740544140339,
97,True,0.012686400674283504,0.014529144391417503,0.03613593429327011,0.01922997646033764,115,0.014529144391417503,
98,True,0.011088039726018906,0.012999529018998146,0.05207730084657669,0.04869169369339943,115,0.012999529018998146,
99,True,0.011436245404183865,0.013331407681107521,0.04183586686849594,0.03174901753664017,115,0.013331407681107521,
100,True,0.009818362072110176,0.012100779451429844,0.047362636774778366,0.04740758612751961,115,0.012100779451429844,
101,True,0.011471334844827652,0.012772241607308388,0.034339938312768936,0.016530731692910194,115,0.012772241607308388,
102,True,0.011596080847084522,0.013860282488167286,0.053731102496385574,0.05707959458231926,115,0.013860282488167286,
103,True,0.01035719271749258,0.012929211370646954,0.05235666409134865,0.047744665294885635,115,0.012929211370646954,
104,True,0.010796640999615192,0.012631116434931755,0.04068189486861229,0.03709409013390541,115,0.012631116434931755,
105,True,0.0100531792268157,0.011926176026463509,0.03434721753001213,0.01334389392286539,115,0.011926176026463509,
106,True,0.011132863350212574,0.012581197544932365,0.04408402368426323,0.03647174686193466,115,0.012581197544932365,
107,True,0.010860958136618137,0.014010705053806305,0.035445064306259155,0.02054925262928009,115,0.014010705053806305,
108,True,0.011005599051713943,0.012304537929594517,0.04542159661650658,0.04458223283290863,115,0.012304537929594517,
109,True,0.011570622213184834,0.01351388543844223,0.03919278457760811,0.025375599041581154,115,0.01351388543844223,
110,True,0.011305093765258789,0.013941806741058826,0.04612043872475624,0.043763935565948486,115,0.013941806741058826,
111,True,0.012151926755905151,0.0140449870377779,0.036646053194999695,0.025562480092048645,115,0.0140449870377779,
112,True,0.01062745600938797,0.012553276494145393,0.03512924537062645,0.021872323006391525,115,0.012553276494145393,
113,True,0.01051503885537386,0.012661074288189411,0.04500167816877365,0.03771154209971428,115,0.012661074288189411,
114,True,0.012120991945266724,0.01341661810874939,0.03733058273792267,0.028018714860081673,115,0.01341661810874939,
115,True,0.011344105936586857,0.012205136939883232,0.03324690833687782,0.0,115,0.012205136939883232,
116,True,0.01154999528080225,0.012807686813175678,0.040530506521463394,0.030588621273636818,115,0.012807686813175678,
117,True,0.011316826567053795,0.013888314366340637,0.04133453592658043,0.03822266682982445,115,0.013888314366340637,
118,True,0.010711164213716984,0.012846855446696281,0.036766134202480316,0.021720854565501213,115,0.012846855446696281,
119,True,0.010786758735775948,0.01345351804047823,0.05020881071686745,0.05150604620575905,115,0.01345351804047823,
120,True,0.010313023813068867,0.011776452884078026,0.03637032210826874,0.02507195807993412,115,0.011776452884078026,
121,True,0.012049195356667042,0.014113077893853188,0.04673044756054878,0.04172993078827858,115,0.014113077893853188,
122,True,0.010655068792402744,0.011746600270271301,0.03463897481560707,0.014070238918066025,115,0.011746600270271301,
123,True,0.013049191795289516,0.016235236078500748,0.04737371951341629,0.04109608754515648,115,0.016235236078500748,
124,True,0.010637951083481312,0.012449810281395912,0.04254832863807678,0.03268899396061897,115,0.012449810281395912,
125,True,0.010728846304118633,0.013685730285942554,0.04924720153212547,0.05023272708058357,115,0.013685730285942554,
126,True,0.011006438173353672,0.012406667694449425,0.03748086094856262,0.02209119312465191,115,0.012406667694449425,
127,True,0.011202402412891388,0.01314001064747572,0.03522178903222084,0.016391508281230927,115,0.01314001064747572,
128,True,0.011054269969463348,0.013230616226792336,0.03496325761079788,0.021032189950346947,115,0.013230616226792336,
129,True,0.010368946008384228,0.013217074796557426,0.05466533452272415,0.05747315287590027,115,0.013217074796557426,
130,True,0.011144586838781834,0.016579296439886093,0.04248950257897377,0.03769192844629288,115,0.016579296439886093,
131,True,0.010257620364427567,0.012890520505607128,0.03450895845890045,0.016388066112995148,115,0.012890520505607128,
132,True,0.011820620857179165,0.014143119566142559,0.05895627290010452,0.05683860927820206,115,0.014143119566142559,
133,True,0.008977980352938175,0.01239490695297718,0.03419160842895508,0.014237464405596256,115,0.01239490695297718,
134,True,0.008977980352938175,0.012424565851688385,0.03431066498160362,0.014466220512986183,115,0.012424565851688385,
135,True,0.011512091383337975,0.01235582958906889,0.041123490780591965,0.03198293596506119,115,0.01235582958906889,
136,True,0.009806604124605656,0.01313829980790615,0.03665979579091072,0.02207012288272381,115,0.01313829980790615,
137,True,0.010009367018938065,0.011877383105456829,0.03822449594736099,0.030873961746692657,115,0.011877383105456829,
138,True,0.012453647330403328,0.013798588886857033,0.03656229376792908,0.01947282999753952,115,0.013798588886857033,
139,True,0.012064927257597446,0.01568509265780449,0.055819056928157806,0.05893253535032272,115,0.01568509265780449,
140,True,0.012245526537299156,0.015722651034593582,0.0531228631734848,0.050245728343725204,115,0.015722651034593582,
141,True,0.010986309498548508,0.012282474897801876,0.03902708739042282,0.03232970088720322,115,0.012282474897801876,
142,True,0.009596668183803558,0.013266334310173988,0.03515924513339996,0.017106257379055023,115,0.013266334310173988,
143,True,0.011254915967583656,0.014398915693163872,0.05278405919671059,0.04863034188747406,115,0.014398915693163872,
144,True,0.01117666345089674,0.012004807591438293,0.04408888891339302,0.04191946983337402,115,0.012004807591438293,
145,True,0.010241445153951645,0.011722841300070286,0.038930706679821014,0.026286469772458076,115,0.011722841300070286,
146,True,0.011198735795915127,0.012161582708358765,0.04190019890666008,0.03823016211390495,115,0.012161582708358765,
147,True,0.011114558205008507,0.013118120841681957,0.03401997685432434,0.017511438578367233,115,0.013118120841681957,
148,True,0.010452451184391975,0.014239570125937462,0.05472499504685402,0.05575217679142952,115,0.014239570125937462,
149,True,0.010244164615869522,0.014521496370434761,0.03801584243774414,0.028677064925432205,115,0.014521496370434761,
150,True,0.010412571020424366,0.012611362151801586,0.04948479309678078,0.044354718178510666,115,0.012611362151801586,
151,True,0.011106288060545921,0.012374402955174446,0.03611917048692703,0.025719447061419487,115,0.012374402955174446,
152,True,0.012558629736304283,0.015218393877148628,0.056405872106552124,0.05400558188557625,115,0.015218393877148628,
153,True,0.011324729770421982,0.01268951315432787,0.03472497686743736,0.013177075423300266,115,0.01268951315432787,
154,True,0.012373057194054127,0.013892313465476036,0.04877462610602379,0.050152041018009186,115,0.013892313465476036,
155,True,0.009405845776200294,0.013131680898368359,0.0363728329539299,0.02164560928940773,115,0.013131680898368359,
156,True,0.012030777521431446,0.013563198037445545,0.042833585292100906,0.039977412670850754,115,0.013563198037445545,
157,True,0.010786758735775948,0.012179022654891014,0.04952722415328026,0.05095836892724037,115,0.012179022654891014,
158,True,0.011466301046311855,0.012827962636947632,0.03513617813587189,0.02099422551691532,115,0.012827962636947632,
159,True,0.011146847158670425,0.012747588567435741,0.050024114549160004,0.04562506824731827,115,0.012747588567435741,
160,True,0.01305298786610365,0.01514745969325304,0.046699684113264084,0.0424322709441185,115,0.01514745969325304,
161,True,0.018420280888676643,0.02056705951690674,0.045143913477659225,0.037030551582574844,115,0.02056705951690674,
162,True,0.011556282639503479,0.012481031008064747,0.0535031296312809,0.050655756145715714,115,0.012481031008064747,
163,True,0.010687686502933502,0.012675154022872448,0.043521225452423096,0.03669895604252815,115,0.012675154022872448,
164,True,0.011482239700853825,0.012933204881846905,0.043600138276815414,0.04083477333188057,115,0.012933204881846905,
165,True,0.010727709159255028,0.012398188933730125,0.03909281641244888,0.025408009067177773,115,0.012398188933730125,
166,True,0.010419626720249653,0.01218860037624836,0.037100959569215775,0.02212364412844181,115,0.01218860037624836,
167,True,0.01283231656998396,0.016761206090450287,0.058479223400354385,0.06172690913081169,115,0.016761206090450287,
168,True,0.010313023813068867,0.011503527872264385,0.03552965819835663,0.022787833586335182,115,0.011503527872264385,
169,True,0.011144586838781834,0.015656711533665657,0.04249955713748932,0.03857419267296791,115,0.015656711533665657,
170,True,0.012198257260024548,0.01366309355944395,0.05225250869989395,0.04892798885703087,115,0.01366309355944395,
171,True,0.010531350038945675,0.013090958818793297,0.03484949469566345,0.01673760823905468,115,0.013090958818793297,
172,True,0.01077455747872591,0.011996537446975708,0.04606221988797188,0.045876313000917435,115,0.011996537446975708,
173,True,0.010824659839272499,0.012162536382675171,0.039930980652570724,0.027981828898191452,115,0.012162536382675171,
174,True,0.010474460199475288,0.011733836494386196,0.04024439677596092,0.03554348275065422,115,0.011733836494386196,
175,True,0.011718209832906723,0.013124123215675354,0.03573346510529518,0.02355922944843769,115,0.013124123215675354,
176,True,0.011150975711643696,0.012073131278157234,0.04867120832204819,0.04922817274928093,115,0.012073131278157234,
177,True,0.010725480504333973,0.01221168041229248,0.038389693945646286,0.02937665395438671,115,0.01221168041229248,
178,True,0.010882734321057796,0.014331286773085594,0.049880314618349075,0.0454464890062809,115,0.014331286773085594,
179,True,0.011066574603319168,0.013516383245587349,0.039088595658540726,0.029932457953691483,115,0.013516383245587349,
180,True,0.010257620364427567,0.01270800270140171,0.034352853894233704,0.01651644892990589,115,0.01270800270140171,
181,True,0.010185126215219498,0.013393069617450237,0.045568399131298065,0.039775196462869644,115,0.013393069617450237,
182,True,0.012008284218609333,0.014705139212310314,0.03770122677087784,0.021265292540192604,115,0.014705139212310314,
183,True,0.011036478914320469,0.013367380015552044,0.04739425703883171,0.04849841445684433,115,0.013367380015552044,
184,True,0.011202785186469555,0.01378795225173235,0.04123876243829727,0.02947722189128399,115,0.01378795225173235,
185,True,0.011240500025451183,0.013475057668983936,0.04389216750860214,0.04277810454368591,115,0.013475057668983936,
186,True,0.012003510259091854,0.013280823826789856,0.03449511528015137,0.014400873333215714,115,0.013280823826789856,
187,True,0.010612605139613152,0.013568488880991936,0.03614788129925728,0.023641621693968773,115,0.013568488880991936,
188,True,0.010672987438738346,0.012702137231826782,0.04947040230035782,0.04503004252910614,115,0.012702137231826782,
189,True,0.010230462066829205,0.012498101219534874,0.03648863732814789,0.02787650190293789,115,0.012498101219534874,
190,True,0.013241295702755451,0.014919057488441467,0.03855970874428749,0.020917855203151703,115,0.014919057488441467,
191,True,0.010635514743626118,0.012073850259184837,0.04554098844528198,0.038576751947402954,115,0.012073850259184837,
192,True,0.0100817596539855,0.013272775337100029,0.036253493279218674,0.022750940173864365,115,0.013272775337100029,
193,True,0.01211816631257534,0.013326202519237995,0.04144291579723358,0.032227516174316406,115,0.013326202519237995,
194,True,0.011000615544617176,0.013441729359328747,0.03670767322182655,0.020291252061724663,115,0.013441729359328747,
195,True,0.010661275126039982,0.011801479384303093,0.03853250667452812,0.031795937567949295,115,0.011801479384303093,
196,True,0.011712548322975636,0.013665346428751945,0.034441106021404266,0.017575571313500404,115,0.013665346428751945,
197,True,0.009635820984840393,0.012657602317631245,0.04843341186642647,0.04926977679133415,115,0.012657602317631245,
198,True,0.011646391823887825,0.013224964961409569,0.03828059136867523,0.02720075286924839,115,0.013224964961409569,
199,True,0.011276314966380596,0.012461191974580288,0.04938031733036041,0.044777557253837585,115,0.012461191974580288,
200,True,0.011039580218493938,0.012896743603050709,0.03611478954553604,0.019840989261865616,115,0.012896743603050709,
201,True,0.010412571020424366,0.01231597550213337,0.05202009901404381,0.04782242700457573,115,0.01231597550213337,
202,True,0.01280540507286787,0.015459747985005379,0.04415055736899376,0.03639183193445206,115,0.015459747985005379,
203,True,0.009740781970322132,0.012180924415588379,0.038558851927518845,0.0264649149030447,115,0.012180924415588379,
204,True,0.011013309471309185,0.012449001893401146,0.03636184707283974,0.019064398482441902,115,0.012449001893401146,
205,True,0.010979089885950089,0.012767809443175793,0.03401358053088188,0.01519929151982069,115,0.012767809443175793,
206,True,0.010522228665649891,0.01222753431648016,0.034479472786188126,0.02045099437236786,115,0.01222753431648016,
207,True,0.009490364231169224,0.011576822027564049,0.037580423057079315,0.02959495224058628,115,0.011576822027564049,
208,True,0.010942158289253712,0.01269763894379139,0.03406064584851265,0.013745017349720001,115,0.01269763894379139,
209,True,0.010205645114183426,0.012283327989280224,0.05150964483618736,0.04842327907681465,115,0.012283327989280224,
210,True,0.0111441221088171,0.013149726204574108,0.03496525436639786,0.019649464637041092,115,0.013149726204574108,
211,True,0.011271598748862743,0.014107773080468178,0.054515041410923004,0.05497254803776741,115,0.014107773080468178,
212,True,0.010997823439538479,0.013203771784901619,0.03889762610197067,0.026685936376452446,115,0.013203771784901619,
213,True,0.01110097300261259,0.012658951804041862,0.03571835905313492,0.016832424327731133,115,0.012658951804041862,
214,True,0.010649324394762516,0.011970316991209984,0.03439358249306679,0.018259264528751373,115,0.011970316991209984,
215,True,0.009976808913052082,0.012285393662750721,0.05011482536792755,0.04521547257900238,115,0.012285393662750721,
216,True,0.011340286582708359,0.012645264156162739,0.03935270756483078,0.03383920341730118,115,0.012645264156162739,
217,True,0.011070487089455128,0.012318954803049564,0.033772289752960205,0.012765946798026562,115,0.012318954803049564,
218,True,0.011546914465725422,0.012736926786601543,0.04443148896098137,0.03738434985280037,115,0.012736926786601543,
219,True,0.010561534203588963,0.011837254278361797,0.03442114591598511,0.012909213081002235,115,0.011837254278361797,
220,True,0.010635731741786003,0.012454918585717678,0.045806530863046646,0.04608357697725296,115,0.012454918585717678,
221,True,0.011233671568334103,0.014110866002738476,0.04061080142855644,0.030217427760362625,115,0.014110866002738476,
222,True,0.011054269969463348,0.01239706389605999,0.03369778022170067,0.017263950780034065,115,0.01239706389605999,
223,True,0.010176853276789188,0.013461530208587646,0.054060645401477814,0.05687972530722618,115,0.013461530208587646,
224,True,0.011681165546178818,0.014684329740703106,0.045220471918582916,0.03817956894636154,115,0.014684329740703106,
225,True,0.011928336694836617,0.012519342824816704,0.039323996752500534,0.03342495113611221,115,0.012519342824816704,
226,True,0.01226238813251257,0.013434773311018944,0.05500947684049606,0.05209263041615486,115,0.013434773311018944,
227,True,0.010456500574946404,0.012848381884396076,0.039728373289108276,0.02838985063135624,115,0.012848381884396076,
228,True,0.010452451184391975,0.014583887532353401,0.056108295917510986,0.05671598017215729,115,0.014583887532353401,
229,True,0.009813087992370129,0.015702825039625168,0.044126514345407486,0.03595707565546036,115,0.015702825039625168,
230,True,0.00906071811914444,0.012099077925086021,0.035993386059999466,0.018316885456442833,115,0.012099077925086021,
231,True,0.00906071811914444,0.012084267102181911,0.03605188429355621,0.018270432949066162,115,0.012084267102181911,
232,True,0.011155190877616405,0.01303872186690569,0.051846228539943695,0.05419588088989258,115,0.01303872186690569,
233,True,0.01056189276278019,0.011728049255907536,0.0369771309196949,0.028287455439567566,115,0.011728049255907536,
234,True,0.009976808913052082,0.01243998296558857,0.049456458538770676,0.044221341609954834,115,0.01243998296558857,
235,True,0.01094004325568676,0.01285687368363142,0.0360732264816761,0.01902812346816063,115,0.01285687368363142,
236,True,0.014029739424586296,0.01643403433263302,0.05013445019721985,0.046524424105882645,115,0.01643403433263302,
237,True,0.010635514743626118,0.011981664225459099,0.043528638780117035,0.035495150834321976,115,0.011981664225459099,
238,True,0.011863150633871555,0.013959606178104877,0.049818553030490875,0.051034703850746155,115,0.013959606178104877,
239,True,0.011522319167852402,0.013937093317508698,0.04053499549627304,0.026303449645638466,115,0.013937093317508698,
240,True,0.012121381238102913,0.01411188580095768,0.03704553470015526,0.02357340417802334,115,0.01411188580095768,
241,True,0.008687633089721203,0.012430744245648384,0.04445510730147362,0.0420556403696537,115,0.012430744245648384,
242,True,0.008687633089721203,0.012520653195679188,0.044566646218299866,0.0422024205327034,115,0.012520653195679188,
243,True,0.011008847504854202,0.012339677661657333,0.053139396011829376,0.05516323074698448,115,0.012339677661657333,
244,True,0.012496504932641983,0.014537133276462555,0.037879884243011475,0.029946357011795044,115,0.014537133276462555,
245,True,0.01010688953101635,0.012392330914735794,0.03788420185446739,0.028807079419493675,115,0.012392330914735794,
246,True,0.011395073495805264,0.013997353613376617,0.03485090658068657,0.01850779540836811,115,0.013997353613376617,
247,True,0.011009939946234226,0.012569794431328773,0.05475323647260666,0.05140521749854088,115,0.012569794431328773,
248,True,0.010730068199336529,0.014027643017470837,0.04074784368276596,0.02872745878994465,115,0.014027643017470837,
249,True,0.009740781970322132,0.011995026841759682,0.03809308260679245,0.025761662051081657,115,0.011995026841759682,
250,True,0.013217703439295292,0.013814510777592659,0.04188578575849533,0.03925831988453865,115,0.013814510777592659,
251,True,0.010711164213716984,0.012626878917217255,0.03766096010804176,0.024730894714593887,115,0.012626878917217255,
252,True,0.016418002545833588,0.02076105773448944,0.06270488351583481,0.06630561500787735,115,0.02076105773448944,
253,True,0.010882734321057796,0.013657523319125175,0.04896315187215805,0.044239237904548645,115,0.013657523319125175,
254,True,0.011897294782102108,0.014278125949203968,0.04060998186469078,0.03495761379599571,115,0.014278125949203968,
255,True,0.010020468384027481,0.013040557503700256,0.03634899854660034,0.01684168167412281,115,0.013040557503700256,
256,True,0.011649984866380692,0.01296100951731205,0.04864790663123131,0.04313497617840767,115,0.01296100951731205,
257,True,0.011798141524195671,0.012957748956978321,0.043602023273706436,0.04230928421020508,115,0.012957748956978321,
258,True,0.0097475191578269,0.011975283734500408,0.03902320936322212,0.03145936131477356,115,0.011975283734500408,
259,True,0.010251523926854134,0.012965837493538857,0.034284114837646484,0.018798062577843666,115,0.012965837493538857,
260,True,0.01166519708931446,0.013790704309940338,0.03524676337838173,0.022790051996707916,115,0.013790704309940338,
261,True,0.01045903842896223,0.012394639663398266,0.04938921704888344,0.044955264776945114,115,0.012394639663398266,
262,True,0.01062745600938797,0.012275119312107563,0.03504301607608795,0.022800203412771225,115,0.012275119312107563,
263,True,0.010809299536049366,0.013124307617545128,0.036081597208976746,0.017160814255475998,115,0.013124307617545128,
264,True,0.012283185496926308,0.01487396378070116,0.06037301570177078,0.05840545892715454,115,0.01487396378070116,
265,True,0.0100531792268157,0.011971680447459221,0.033522047102451324,0.011344105936586857,115,0.011971680447459221,
266,True,0.010977273806929588,0.012782896868884563,0.044856954365968704,0.03696770220994949,115,0.012782896868884563,
267,True,0.011178532615303993,0.012657621875405312,0.03832468017935753,0.02248370088636875,115,0.012657621875405312,
268,True,0.011387518607079983,0.01425898540765047,0.0417192280292511,0.03857724368572235,115,0.01425898540765047,
269,True,0.00925192330032587,0.012465608306229115,0.03533808887004852,0.016398821026086807,115,0.012465608306229115,
270,True,0.008847367949783802,0.011549782939255238,0.034924887120723724,0.02052030712366104,115,0.011549782939255238,
271,True,0.008847367949783802,0.01161869801580906,0.03496517613530159,0.02049800381064415,115,0.01161869801580906,
272,True,0.010708970949053764,0.013310831971466541,0.03751038759946823,0.02409629337489605,115,0.013310831971466541,
273,True,0.010501796379685402,0.013268527574837208,0.0551399402320385,0.05207718163728714,115,0.013268527574837208,
274,True,0.010923683643341064,0.01208130456507206,0.04626765847206116,0.039218656718730927,115,0.01208130456507206,
275,True,0.010373864322900772,0.012491529807448387,0.04235491156578064,0.03927897661924362,115,0.012491529807448387,
276,True,0.010547779500484467,0.012995016761124134,0.039333123713731766,0.02857396751642227,115,0.012995016761124134,
277,True,0.0115548986941576,0.01333839911967516,0.03702012822031975,0.02304554171860218,115,0.01333839911967516,
278,True,0.01120274979621172,0.013039144687354565,0.05413883924484253,0.055428482592105865,115,0.013039144687354565,
279,True,0.012085411697626114,0.013203551061451435,0.03607137128710747,0.015723925083875656,115,0.013203551061451435,
280,True,0.011213844642043114,0.01289965957403183,0.05266663804650307,0.049437202513217926,115,0.01289965957403183,
281,True,0.010513492859899998,0.012483803555369377,0.03507862240076065,0.015295181423425674,115,0.012483803555369377,
282,True,0.010797296650707722,0.012911362573504448,0.050191380083560944,0.051360197365283966,115,0.012911362573504448,
283,True,0.010600236244499683,0.01268988847732544,0.0404302142560482,0.02826869674026966,115,0.01268988847732544,
284,True,0.009969743900001049,0.011618790216743946,0.03943400830030441,0.03375086560845375,115,0.011618790216743946,
285,True,0.010251523926854134,0.012621292844414711,0.03416774794459343,0.018709402531385422,115,0.012621292844414711,
286,True,0.01096393819898367,0.012457977049052715,0.04942759498953819,0.050696395337581635,115,0.012457977049052715,
287,True,0.01245274767279625,0.016533926129341125,0.04514744132757187,0.03738575056195259,115,0.016533926129341125,
288,True,0.013128777034580708,0.016062511131167412,0.05091457813978195,0.04679878056049347,115,0.016062511131167412,
289,True,0.011066574603319168,0.012151261791586876,0.038694195449352264,0.03103378601372242,115,0.012151261791586876,
290,True,0.010804703459143639,0.013417380861938,0.03763315826654434,0.024790428578853607,115,0.013417380861938,
291,True,0.01045903842896223,0.012026458978652954,0.051004912704229355,0.04688442125916481,115,0.012026458978652954,
292,True,0.010189495049417019,0.011801889166235924,0.03346363827586174,0.01180744543671608,115,0.011801889166235924,
293,True,0.01089719869196415,0.012222721241414547,0.044584304094314575,0.042574238032102585,115,0.012222721241414547,
294,True,0.010102402418851852,0.012273113243281841,0.03828580304980278,0.024594739079475403,115,0.012273113243281841,
295,True,0.013040930032730103,0.015214851126074791,0.05039377883076668,0.05136299878358841,115,0.015214851126074791,
296,True,0.011521357111632824,0.012697065249085426,0.03340018168091774,0.013147085905075073,115,0.012697065249085426,
297,True,0.010176853276789188,0.01335055660456419,0.05460084229707718,0.057311080396175385,115,0.01335055660456419,
298,True,0.012169672176241875,0.013953819870948792,0.038616131991147995,0.031737152487039566,115,0.013953819870948792,
299,True,0.012781797908246517,0.015323931351304054,0.059158194810152054,0.057180408388376236,115,0.015323931351304054,
300,True,0.010261948220431805,0.012234617955982685,0.044580042362213135,0.03728487715125084,115,0.012234617955982685,
301,True,0.010703259147703648,0.013531466014683247,0.03593996912240982,0.021165892481803894,115,0.013531466014683247,
302,True,0.010083073750138283,0.013041864149272442,0.044611670076847076,0.03630490228533745,115,0.013041864149272442,
303,True,0.009405845776200294,0.013082899153232574,0.036452535539865494,0.022471297532320023,115,0.013082899153232574,
304,True,0.008950324729084969,0.011465239338576794,0.03918894752860069,0.03263053670525551,115,0.011465239338576794,
305,True,0.008950324729084969,0.011510076932609081,0.03916098549962044,0.03256355971097946,115,0.011510076932609081,
306,True,0.010579857043921947,0.013348412699997425,0.05074436590075493,0.05280083417892456,115,0.013348412699997425,
307,True,0.010205645114183426,0.011971231549978256,0.04945077747106552,0.045483339577913284,115,0.011971231549978256,
308,True,0.011157217435538769,0.013653297908604145,0.03701554983854294,0.023330308496952057,115,0.013653297908604145,
309,True,0.010917933657765388,0.013347593136131763,0.054036032408475876,0.05038435012102127,115,0.013347593136131763,
310,True,0.010149999521672726,0.014423495158553123,0.04466211050748825,0.03794422000646591,115,0.014423495158553123,
311,True,0.011316826567053795,0.014650714583694935,0.04422733187675476,0.04285261407494545,115,0.014650714583694935,
312,True,0.010456500574946404,0.01253217738121748,0.03880474716424942,0.026873651891946793,115,0.01253217738121748,
313,True,0.011094027198851109,0.012603993527591228,0.03928833082318306,0.025501983240246773,115,0.012603993527591228,
314,True,0.00975774135440588,0.012279989197850227,0.045283980667591095,0.04332670196890831,115,0.012279989197850227,
315,True,0.010635731741786003,0.01289568841457367,0.04870691895484924,0.050001200288534164,115,0.01289568841457367,
316,True,0.010008910670876503,0.01172915380448103,0.034417394548654556,0.02002383954823017,115,0.01172915380448103,
317,True,0.009787488728761673,0.012721158564090729,0.03541651740670204,0.014879558235406876,115,0.012721158564090729,
318,True,0.012245526537299156,0.014163553714752197,0.05396442487835884,0.05155310779809952,115,0.014163553714752197,
319,True,0.0111441221088171,0.01384173147380352,0.03692283853888512,0.024165784940123558,115,0.01384173147380352,
320,True,0.012102073058485985,0.013329913839697838,0.050624918192625046,0.05184781551361084,115,0.013329913839697838,
321,True,0.010143120773136616,0.011902468279004097,0.03876736760139465,0.027204077690839767,115,0.011902468279004097,
322,True,0.010474460199475288,0.012151897884905338,0.04005836695432663,0.03409339860081673,115,0.012151897884905338,
323,True,0.01096393819898367,0.013003364205360413,0.05046512931585312,0.05190979689359665,115,0.013003364205360413,
324,True,0.011233394965529442,0.013234411366283894,0.03864045441150665,0.031151296570897102,115,0.013234411366283894,
325,True,0.010796640999615192,0.011942858807742596,0.039283543825149536,0.034196142107248306,115,0.011942858807742596,
326,True,0.011364756152033806,0.013643475249409676,0.03446687385439873,0.014515629969537258,115,0.013643475249409676,
327,True,0.010997493751347065,0.01240344438701868,0.043978720903396606,0.0369742251932621,115,0.01240344438701868,
328,True,0.009615394286811352,0.012176346965134144,0.03393471986055374,0.012691551819443703,115,0.012176346965134144,
329,True,0.011005302891135216,0.012086203321814537,0.04513982683420181,0.04459952190518379,115,0.012086203321814537,
330,True,0.011522319167852402,0.01481376588344574,0.040498871356248856,0.025172986090183258,115,0.01481376588344574,
331,True,0.011233671568334103,0.013948437757790089,0.0399288572371006,0.02888569049537182,115,0.013948437757790089,
332,True,0.01094853039830923,0.01182685699313879,0.04225220903754234,0.03928939625620842,115,0.01182685699313879,
333,True,0.010957827791571617,0.01235399954020977,0.033662308007478714,0.014501894824206829,115,0.01235399954020977,
334,True,0.010522228665649891,0.012528657913208008,0.035171423107385635,0.021934935823082924,115,0.012528657913208008,
335,True,0.011681165546178818,0.014869233593344688,0.04404989629983902,0.03693223372101784,115,0.014869233593344688,
336,True,0.010230462066829205,0.012407016940414906,0.03827652335166931,0.03185355290770531,115,0.012407016940414906,
337,True,0.012450383976101875,0.0141285490244627,0.04317630082368851,0.03249995410442352,115,0.0141285490244627,
338,True,0.01040648203343153,0.012462783604860306,0.03390531241893768,0.011931288056075573,115,0.012462783604860306,
339,True,0.009813087992370129,0.016127776354551315,0.04468565434217453,0.03703887388110161,115,0.016127776354551315,
340,True,0.011102366261184216,0.013403205201029778,0.044372882694005966,0.043686240911483765,115,0.013403205201029778,
341,True,0.010543610900640488,0.013400626368820667,0.03904144838452339,0.028493301942944527,115,0.013400626368820667,
342,True,0.010541833937168121,0.01337279099971056,0.04860565811395645,0.04838969185948372,115,0.01337279099971056,
343,True,0.010492951609194279,0.012373487465083599,0.03531397134065628,0.024326510727405548,115,0.012373487465083599,
344,True,0.011077499948441982,0.012256180867552757,0.04672115668654442,0.041085973381996155,115,0.012256180867552757,
345,True,0.01137775182723999,0.012188037857413292,0.034527674317359924,0.016077488660812378,115,0.012188037857413292,
346,True,0.012414089404046535,0.013443263247609138,0.0486348420381546,0.044714704155921936,115,0.013443263247609138,
347,True,0.010977273806929588,0.01249057799577713,0.043742112815380096,0.03610444813966751,115,0.01249057799577713,
348,True,0.00925192330032587,0.012694220058619976,0.03584397956728935,0.017420483753085136,115,0.012694220058619976,
349,True,0.013966660015285015,0.018003711476922035,0.05483357980847359,0.05684798210859299,115,0.018003711476922035,
350,False,0.01106477677822113,0.013206787593662738,0.03651430830359459,0.022525833174586295,115,0.013206787593662738,290;92;276;210;28
351,False,0.010699992440640927,0.012531449273228645,0.035466445982456206,0.020056487433612345,115,0.012531449273228645,85;33;200;343;63
352,False,0.01099071241915226,0.013177142478525639,0.04898545369505882,0.049662868678569796,115,0.013177142478525639,243;282;87;90;183
353,False,0.010996765270829201,0.012637670524418354,0.041707663983106616,0.03496098667383194,115,0.012637670524418354,114;118;174;278;322
354,False,0.010281649231910706,0.012723585218191147,0.041948963701725,0.03695052452385426,115,0.012723585218191147,30;64;187;15;125
