run,image_wake_score,image_wake_observed,centreline_low_speed_area,near_base_low_speed_area,velocity_images,velocity_slices,imputation_neighbors
0,0.03877850197553976,true,0.017176292940732352,0.07971135083288218,5,Z-4;Z-5;X-53;X-55;X-57,
1,0.11175936664484712,true,0.08548508871272179,0.19430046392552472,5,Z-4;Z-5;X-53;X-55;X-57,
2,0.09873744056086073,true,0.06457468227003901,0.18223418724559404,5,Z-4;Z-5;X-53;X-55;X-57,
3,0.08169155164058886,true,0.041891856465752275,0.162432775737966,5,Z-4;Z-5;X-53;X-55;X-57,
4,0.1411331040509459,true,0.12026996560546957,0.2325063845055756,5,Z-4;Z-5;X-53;X-55;X-57,
5,0.07873306510890984,true,0.06081225619730716,0.13623920497194467,5,Z-4;Z-5;X-53;X-55;X-57,
6,0.12151503228719832,true,0.10129608657354977,0.20262331733081673,5,Z-4;Z-5;X-53;X-55;X-57,
7,0.05002508720802104,true,0.020810525984648297,0.10428599214549579,5,Z-4;Z-5;X-53;X-55;X-57,
8,0.1518974509004773,true,0.1640849796568936,0.21578119174160604,5,Z-4;Z-5;X-53;X-55;X-57,
9,0.08149589080663742,true,0.046530137158676224,0.15720720625832516,5,Z-4;Z-5;X-53;X-55;X-57,
10,0.037527198759745944,true,0.015276991317478294,0.07869530688810386,5,Z-4;Z-5;X-53;X-55;X-57,
11,0.040076591087224445,true,0.014278448890566672,0.08580817623973863,5,Z-4;Z-5;X-53;X-55;X-57,
12,0.05403811270348723,true,0.02534525607147351,0.10974384036524217,5,Z-4;Z-5;X-53;X-55;X-57,
13,0.11065698891961617,true,0.0940451847657397,0.18295026299879716,5,Z-4;Z-5;X-53;X-55;X-57,
14,0.12324622247217319,true,0.08974219831382912,0.21846166593289618,5,Z-4;Z-5;X-53;X-55;X-57,
15,0.0841924513580682,true,0.05569580764229688,0.1549717691452662,5,Z-4;Z-5;X-53;X-55;X-57,
16,0.06787510302763539,true,0.036777505138207295,0.13295514309929216,5,Z-4;Z-5;X-53;X-55;X-57,
17,0.1124978464872093,true,0.07775103812759532,0.20352209842916938,5,Z-4;Z-5;X-53;X-55;X-57,
18,0.10872274575436655,true,0.08579311899668637,0.18622294967317368,5,Z-4;Z-5;X-53;X-55;X-57,
19,0.10837345432470852,true,0.09971766075248521,0.1713613233428197,5,Z-4;Z-5;X-53;X-55;X-57,
20,0.02379629945378361,true,0.010788138081456315,0.04859583007700729,5,Z-4;Z-5;X-53;X-55;X-57,
21,0.05247670391271904,true,0.025336867161612348,0.1058994446515854,5,Z-4;Z-5;X-53;X-55;X-57,
22,0.1257161544265483,true,0.10228964808523133,0.21222721467035446,5,Z-4;Z-5;X-53;X-55;X-57,
23,0.10456202550119444,true,0.07003560043622331,0.19151620860428423,5,Z-4;Z-5;X-53;X-55;X-57,
24,0.09177046851439355,true,0.06491364665911664,0.16477199398097533,5,Z-4;Z-5;X-53;X-55;X-57,
25,0.13336812455381072,true,0.10849534415502705,0.22500732015074243,5,Z-4;Z-5;X-53;X-55;X-57,
26,0.07648182974591561,true,0.04880877479971478,0.14255482740243133,5,Z-4;Z-5;X-53;X-55;X-57,
27,0.06056268883688161,true,0.030405341638354094,0.12105106832070477,5,Z-4;Z-5;X-53;X-55;X-57,
28,0.11182376590032649,true,0.07797255777861667,0.2016736989265885,5,Z-4;Z-5;X-53;X-55;X-57,
29,0.04996005956841298,true,0.02431944968751311,0.10054776494908195,5,Z-4;Z-5;X-53;X-55;X-57,
30,0.0735869680878733,true,0.045347563021685335,0.1388630840409479,5,Z-4;Z-5;X-53;X-55;X-57,
31,0.0735869680878733,true,0.045347563021685335,0.1388630840409479,5,Z-4;Z-5;X-53;X-55;X-57,
32,0.03280933105366002,true,0.01330140304517428,0.06858331735890365,5,Z-4;Z-5;X-53;X-55;X-57,
33,0.1147474142375048,true,0.09026283503208757,0.19678938539522847,5,Z-4;Z-5;X-53;X-55;X-57,
34,0.10837076182813471,true,0.09111168784866407,0.18054096791702567,5,Z-4;Z-5;X-53;X-55;X-57,
35,0.13082252836391298,true,0.10162220544440251,0.22541766989595904,5,Z-4;Z-5;X-53;X-55;X-57,
36,0.07711185794124864,true,0.03528506564321966,0.15739468637805965,5,Z-4;Z-5;X-53;X-55;X-57,
37,0.12040165516783553,true,0.08471540623296003,0.21635276034633968,5,Z-4;Z-5;X-53;X-55;X-57,
38,0.06384989630477943,true,0.03339520154355941,0.12623380526362724,5,Z-4;Z-5;X-53;X-55;X-57,
39,0.0486665890940582,true,0.0199244473805629,0.10169427258766801,5,Z-4;Z-5;X-53;X-55;X-57,
40,0.12000091811883898,true,0.11656495113460005,0.18352646594356917,5,Z-4;Z-5;X-53;X-55;X-57,
41,0.10954779773112451,true,0.07649375026215344,0.1974615051353403,5,Z-4;Z-5;X-53;X-55;X-57,
42,0.0864340931187311,true,0.04963062581267565,0.16659651961063118,5,Z-4;Z-5;X-53;X-55;X-57,
43,0.11710611799551775,true,0.0918672140430351,0.20104665867594096,5,Z-4;Z-5;X-53;X-55;X-57,
44,0.11741473943438584,true,0.1077867434251919,0.18592902016710308,5,Z-4;Z-5;X-53;X-55;X-57,
45,0.13480146053800168,true,0.11731549641374103,0.21976602200188042,5,Z-4;Z-5;X-53;X-55;X-57,
46,0.09238860778873452,true,0.07580454888637222,0.1553707436922068,5,Z-4;Z-5;X-53;X-55;X-57,
47,0.13630857952330844,true,0.11212721781804455,0.22856536982384593,5,Z-4;Z-5;X-53;X-55;X-57,
48,0.07885151380175778,true,0.06786890231114467,0.1290336488195423,5,Z-4;Z-5;X-53;X-55;X-57,
49,0.09587273576451748,true,0.07033104735539616,0.16952050730575619,5,Z-4;Z-5;X-53;X-55;X-57,
50,0.1086000717094707,true,0.08689704710372886,0.18472324914984437,5,Z-4;Z-5;X-53;X-55;X-57,
51,0.028638593641467345,true,0.011562277169581813,0.059908394545241335,5,Z-4;Z-5;X-53;X-55;X-57,
52,0.12017025598562592,true,0.09471393817373433,0.20566667439056674,5,Z-4;Z-5;X-53;X-55;X-57,
53,0.06736326455884638,true,0.0320485193574095,0.13646853458657124,5,Z-4;Z-5;X-53;X-55;X-57,
54,0.08899690085965162,true,0.056762247808397295,0.16571992717064413,5,Z-4;Z-5;X-53;X-55;X-57,
55,0.0889997142956714,true,0.06134285474602576,0.1613349988870562,5,Z-4;Z-5;X-53;X-55;X-57,
56,0.0776363381771215,true,0.047480181200453,0.14683176151967028,5,Z-4;Z-5;X-53;X-55;X-57,
57,0.14678789583013013,true,0.14559031710079273,0.2212780807653121,5,Z-4;Z-5;X-53;X-55;X-57,
58,0.12289359760059965,true,0.10661150958432952,0.20095635926246583,5,Z-4;Z-5;X-53;X-55;X-57,
59,0.11737335128424334,true,0.09052918292017953,0.20300164799940457,5,Z-4;Z-5;X-53;X-55;X-57,
60,0.04219869369997156,true,0.021015005662514158,0.08393674547151249,5,Z-4;Z-5;X-53;X-55;X-57,
61,0.100282112579657,true,0.06817693259510926,0.18271924816961124,5,Z-4;Z-5;X-53;X-55;X-57,
62,0.11021172526122912,true,0.07710745144918418,0.19835509015546804,5,Z-4;Z-5;X-53;X-55;X-57,
63,0.13280532165981462,true,0.10024537561343903,0.23173525841009837,5,Z-4;Z-5;X-53;X-55;X-57,
64,0.09825685733150205,true,0.08062345329474435,0.16511212645288317,5,Z-4;Z-5;X-53;X-55;X-57,
65,0.027033384499960223,true,0.009792741495742628,0.05769809521602696,5,Z-4;Z-5;X-53;X-55;X-57,
66,0.021395560258590525,true,0.006491967618807936,0.046768917060058944,5,Z-4;Z-5;X-53;X-55;X-57,
67,0.07937118795997246,true,0.05306955454888637,0.14534764923101554,5,Z-4;Z-5;X-53;X-55;X-57,
68,0.060493257890865765,true,0.033144582861457154,0.11814280929480092,5,Z-4;Z-5;X-53;X-55;X-57,
69,0.09800567093988338,true,0.0753088167442641,0.1697869116406898,5,Z-4;Z-5;X-53;X-55;X-57,
70,0.10525043418019739,true,0.08614361813682311,0.17722755522413003,5,Z-4;Z-5;X-53;X-55;X-57,
71,0.0774752205907227,true,0.04714383834570697,0.14659456757043318,5,Z-4;Z-5;X-53;X-55;X-57,
72,0.024929177170606567,true,0.012876190176586554,0.049562862365016065,5,Z-4;Z-5;X-53;X-55;X-57,
73,0.03488587328954691,true,0.013417799169497924,0.07371549786504379,5,Z-4;Z-5;X-53;X-55;X-57,
74,0.05287973111282907,true,0.022294314416341596,0.10985085148976477,5,Z-4;Z-5;X-53;X-55;X-57,
75,0.11071795472249302,true,0.0898929365378969,0.18719602064668706,5,Z-4;Z-5;X-53;X-55;X-57,
76,0.09593664206860215,true,0.07208616459041148,0.16803246284979612,5,Z-4;Z-5;X-53;X-55;X-57,
77,0.06820266365094887,true,0.04031657648588566,0.13026160849516658,5,Z-4;Z-5;X-53;X-55;X-57,
78,0.09141185260539715,true,0.0673469548257204,0.16130677154318607,5,Z-4;Z-5;X-53;X-55;X-57,
79,0.10475319494756317,true,0.07744746445199446,0.18480849291964127,5,Z-4;Z-5;X-53;X-55;X-57,
80,0.03089286085824469,true,0.012036774883603876,0.0650078538020196,5,Z-4;Z-5;X-53;X-55;X-57,
81,0.11646828531348012,true,0.08933402541839688,0.20171807624331972,5,Z-4;Z-5;X-53;X-55;X-57,
82,0.0635174847087025,true,0.03285621408497966,0.12585294677320033,5,Z-4;Z-5;X-53;X-55;X-57,
83,0.11226157269532708,true,0.08270547586091187,0.198247517292759,5,Z-4;Z-5;X-53;X-55;X-57,
84,0.14158110948788227,true,0.16245150161486516,0.19140119271060443,5,Z-4;Z-5;X-53;X-55;X-57,
85,0.11011414348554606,true,0.07359249821735665,0.20180317957856997,5,Z-4;Z-5;X-53;X-55;X-57,
86,0.0951495419861941,true,0.07152305901598087,0.16661955087627647,5,Z-4;Z-5;X-53;X-55;X-57,
87,0.1392124306640168,true,0.11965049704290928,0.22827354683597456,5,Z-4;Z-5;X-53;X-55;X-57,
88,0.11251064448176903,true,0.07881040015100038,0.20262542384901602,5,Z-4;Z-5;X-53;X-55;X-57,
89,0.037273550796595174,true,0.012872520028522294,0.08017843613493232,5,Z-4;Z-5;X-53;X-55;X-57,
90,0.10965789404712134,true,0.08300039847321841,0.19129446245517503,5,Z-4;Z-5;X-53;X-55;X-57,
91,0.06869256058099894,true,0.033613837506815986,0.13814897437139742,5,Z-4;Z-5;X-53;X-55;X-57,
92,0.1282584040083785,true,0.09629839352376159,0.22431553957410413,5,Z-4;Z-5;X-53;X-55;X-57,
93,0.11659601072901604,true,0.0915395222515834,0.2002488500166064,5,Z-4;Z-5;X-53;X-55;X-57,
94,0.031217667332913472,true,0.014406904072815738,0.0634175729961219,5,Z-4;Z-5;X-53;X-55;X-57,
95,0.09881762232848125,true,0.08141437020259218,0.1658362069752435,5,Z-4;Z-5;X-53;X-55;X-57,
96,0.07895083426743557,true,0.044906883100541084,0.15263676393865536,5,Z-4;Z-5;X-53;X-55;X-57,
97,0.11671080268668668,true,0.07830654125246425,0.21341163963652732,5,Z-4;Z-5;X-53;X-55;X-57,
98,0.06140261442234819,true,0.03612395662933601,0.117495686903987,5,Z-4;Z-5;X-53;X-55;X-57,
99,0.1253222270225043,true,0.09875214965815192,0.21477834864420978,5,Z-4;Z-5;X-53;X-55;X-57,
100,0.10706458130642578,true,0.09580869091061617,0.17267410548460102,5,Z-4;Z-5;X-53;X-55;X-57,
101,0.1088789903516427,true,0.08006716370957594,0.19236569717677407,5,Z-4;Z-5;X-53;X-55;X-57,
102,0.10889502211591183,true,0.10489361813682313,0.1665753139940919,5,Z-4;Z-5;X-53;X-55;X-57,
103,0.10314205073133266,true,0.07663714819009271,0.1814894628448809,5,Z-4;Z-5;X-53;X-55;X-57,
104,0.12122839287928402,true,0.09890262572878655,0.2042046103257309,5,Z-4;Z-5;X-53;X-55;X-57,
105,0.08678587044067,true,0.06704180822952058,0.14991570416339278,5,Z-4;Z-5;X-53;X-55;X-57,
106,0.06300079452833014,true,0.029460016358374228,0.12814554074673262,5,Z-4;Z-5;X-53;X-55;X-57,
107,0.09877503950233699,true,0.07149789228639739,0.17544684517301887,5,Z-4;Z-5;X-53;X-55;X-57,
108,0.11726449357680534,true,0.10636429889685836,0.1873865903264471,5,Z-4;Z-5;X-53;X-55;X-57,
109,0.0992969279563608,true,0.0758976133551445,0.17252440225790666,5,Z-4;Z-5;X-53;X-55;X-57,
110,0.08545225765863493,true,0.047275701522587144,0.16639288951803566,5,Z-4;Z-5;X-53;X-55;X-57,
111,0.10206148511414065,true,0.06801282454595026,0.18712524163519176,5,Z-4;Z-5;X-53;X-55;X-57,
112,0.12127582805526732,true,0.08924043664275827,0.21433906938238997,5,Z-4;Z-5;X-53;X-55;X-57,
113,0.10638624418967622,true,0.08291467430057464,0.18330106849624794,5,Z-4;Z-5;X-53;X-55;X-57,
114,0.11040535995463215,true,0.08769766368860367,0.18856399356528908,5,Z-4;Z-5;X-53;X-55;X-57,
115,0.09841083574947809,true,0.07903401702948701,0.16706360491268132,5,Z-4;Z-5;X-53;X-55;X-57,
116,0.056621158442902594,true,0.02911371167316807,0.11246138927683931,5,Z-4;Z-5;X-53;X-55;X-57,
117,0.11140887819658418,true,0.08805995973323266,0.19044904648453712,5,Z-4;Z-5;X-53;X-55;X-57,
118,0.0823874921786826,true,0.048604557275282075,0.15748821578610694,5,Z-4;Z-5;X-53;X-55;X-57,
119,0.13938621810917812,true,0.13765283545153306,0.20946444583474647,5,Z-4;Z-5;X-53;X-55;X-57,
120,0.07044177118575651,true,0.03698198481607315,0.13915322181425985,5,Z-4;Z-5;X-53;X-55;X-57,
121,0.03085697108023839,true,0.011745522419361604,0.06517763916888027,5,Z-4;Z-5;X-53;X-55;X-57,
122,0.09526653244956712,true,0.07264324063587937,0.1658098052804794,5,Z-4;Z-5;X-53;X-55;X-57,
123,0.12235069890145045,true,0.08671904492261232,0.21914333522217797,5,Z-4;Z-5;X-53;X-55;X-57,
124,0.12126480326711288,true,0.10219317562182795,0.20125239528673575,5,Z-4;Z-5;X-53;X-55;X-57,
125,0.05839690081578837,true,0.03320540245795059,0.1130141396523262,5,Z-4;Z-5;X-53;X-55;X-57,
126,0.12427556440495094,true,0.09476741747409925,0.21621471318701457,5,Z-4;Z-5;X-53;X-55;X-57,
127,0.06251337807737567,true,0.03144556646113837,0.12449845557107357,5,Z-4;Z-5;X-53;X-55;X-57,
128,0.11731091200935242,true,0.0862136131034772,0.20720780310514827,5,Z-4;Z-5;X-53;X-55;X-57,
129,0.08275240985421875,true,0.06267380772618598,0.14307738435039544,5,Z-4;Z-5;X-53;X-55;X-57,
130,0.10252373293072059,true,0.07520133383666794,0.1810367018665858,5,Z-4;Z-5;X-53;X-55;X-57,
131,0.04057678705962092,true,0.018161727695985907,0.08321112016913938,5,Z-4;Z-5;X-53;X-55;X-57,
132,0.09409362948598816,true,0.06599004865567719,0.16945099220518048,5,Z-4;Z-5;X-53;X-55;X-57,
133,0.0772225980356767,true,0.05523310683276708,0.1379630390316757,5,Z-4;Z-5;X-53;X-55;X-57,
134,0.0772225980356767,true,0.05523310683276708,0.1379630390316757,5,Z-4;Z-5;X-53;X-55;X-57,
135,0.0552449130630971,true,0.02751614865148274,0.11067351706385069,5,Z-4;Z-5;X-53;X-55;X-57,
136,0.11806124882341407,true,0.0943403695314794,0.20105115258143272,5,Z-4;Z-5;X-53;X-55;X-57,
137,0.10847272660735664,true,0.08146050920682857,0.18990598609276685,5,Z-4;Z-5;X-53;X-55;X-57,
138,0.10182114024487765,true,0.06704128392265425,0.18783050392830536,5,Z-4;Z-5;X-53;X-55;X-57,
139,0.02855358071625331,true,0.015298750052430688,0.05595642596887549,5,Z-4;Z-5;X-53;X-55;X-57,
140,0.10928731488109017,true,0.08246298393523763,0.19060015405669764,5,Z-4;Z-5;X-53;X-55;X-57,
141,0.06554771557759262,true,0.03812182794345875,0.12593411794114528,5,Z-4;Z-5;X-53;X-55;X-57,
142,0.11264486714335228,true,0.08710493477622583,0.19467107069404857,5,Z-4;Z-5;X-53;X-55;X-57,
143,0.11521976581717802,true,0.09030713896229184,0.19795541343579437,5,Z-4;Z-5;X-53;X-55;X-57,
144,0.0836744080058199,true,0.045985906631433246,0.16325052610292026,5,Z-4;Z-5;X-53;X-55;X-57,
145,0.1044851853453729,true,0.07380064804328677,0.18757350870799516,5,Z-4;Z-5;X-53;X-55;X-57,
146,0.11702218158719813,true,0.08879739734071557,0.20380998924973545,5,Z-4;Z-5;X-53;X-55;X-57,
147,0.053165118404289766,true,0.02719055408749633,0.10574300056665341,5,Z-4;Z-5;X-53;X-55;X-57,
148,0.11784197986302969,true,0.12107163080407701,0.17415470690959034,5,Z-4;Z-5;X-53;X-55;X-57,
149,0.032369672674472334,true,0.013348066356277003,0.06746840749330654,5,Z-4;Z-5;X-53;X-55;X-57,
150,0.07620329891833336,true,0.04052026970345204,0.15007495693925715,5,Z-4;Z-5;X-53;X-55;X-57,
151,0.1253168997380211,true,0.08857351830879577,0.2249074711880973,5,Z-4;Z-5;X-53;X-55;X-57,
152,0.0449787438329796,true,0.02339535883561931,0.08905614643391045,5,Z-4;Z-5;X-53;X-55;X-57,
153,0.12302710829401428,true,0.11572081707982049,0.19229913120167738,5,Z-4;Z-5;X-53;X-55;X-57,
154,0.11411546374098203,true,0.09456608363743131,0.19081024413843753,5,Z-4;Z-5;X-53;X-55;X-57,
155,0.12372695953978927,true,0.09431677572249486,0.21492060883993339,5,Z-4;Z-5;X-53;X-55;X-57,
156,0.06890746921527743,true,0.04116044838723208,0.13116488349901098,5,Z-4;Z-5;X-53;X-55;X-57,
157,0.11224952635623109,true,0.10451637934650393,0.17548504336969883,5,Z-4;Z-5;X-53;X-55;X-57,
158,0.09671192046394925,true,0.07523384086237993,0.16680773316874406,5,Z-4;Z-5;X-53;X-55;X-57,
159,0.1200738490604276,true,0.08365132544775807,0.2166155133830612,5,Z-4;Z-5;X-53;X-55;X-57,
160,0.1027239565415993,true,0.07973527746319366,0.1772129500312818,5,Z-4;Z-5;X-53;X-55;X-57,
161,0.007594402539493079,true,0.002353351369489535,0.0166801132745053,5,Z-4;Z-5;X-53;X-55;X-57,
162,0.11528737331157862,true,0.0916941927771486,0.19682547707370915,5,Z-4;Z-5;X-53;X-55;X-57,
163,0.05131789932191742,true,0.02477402374061491,0.10302559208960287,5,Z-4;Z-5;X-53;X-55;X-57,
164,0.10311385078679494,true,0.07805277672916405,0.1799748762596101,5,Z-4;Z-5;X-53;X-55;X-57,
165,0.1323239933943378,true,0.10114062958768508,0.2297476882718195,5,Z-4;Z-5;X-53;X-55;X-57,
166,0.08218959304579927,true,0.0544188582693679,0.151206859384995,5,Z-4;Z-5;X-53;X-55;X-57,
167,0.03256425613969208,true,0.012507340296128518,0.06879565439338947,5,Z-4;Z-5;X-53;X-55;X-57,
168,0.11552474705667401,true,0.0867971666456944,0.20225271056229288,5,Z-4;Z-5;X-53;X-55;X-57,
169,0.030627865425466083,true,0.014135313116060567,0.06235139391820108,5,Z-4;Z-5;X-53;X-55;X-57,
170,0.11185861833003269,true,0.07153275869300785,0.20786896895062393,5,Z-4;Z-5;X-53;X-55;X-57,
171,0.11646168301093043,true,0.08574776645274947,0.20557103846432015,5,Z-4;Z-5;X-53;X-55;X-57,
172,0.11785654385823052,true,0.10305618472379514,0.19211572368379473,5,Z-4;Z-5;X-53;X-55;X-57,
173,0.11875486858725896,true,0.10898924122310305,0.1882614975518748,5,Z-4;Z-5;X-53;X-55;X-57,
174,0.08166061870674615,true,0.05135821693720901,0.15299473159798363,5,Z-4;Z-5;X-53;X-55;X-57,
175,0.12819267467970624,true,0.09958684618933769,0.2206987882605145,5,Z-4;Z-5;X-53;X-55;X-57,
176,0.12222614814114212,true,0.1215505851264628,0.18416375791611986,5,Z-4;Z-5;X-53;X-55;X-57,
177,0.12232992545296116,true,0.09800710960110734,0.20816992018402544,5,Z-4;Z-5;X-53;X-55;X-57,
178,0.05575219335115485,true,0.032364676397802106,0.10714313299643086,5,Z-4;Z-5;X-53;X-55;X-57,
179,0.11469493903505179,true,0.10468074954909609,0.1823437261919558,5,Z-4;Z-5;X-53;X-55;X-57,
180,0.1099099709917311,true,0.07791907847825175,0.19688530219056824,5,Z-4;Z-5;X-53;X-55;X-57,
181,0.11086113009573031,true,0.07392884107210268,0.20327058015617724,5,Z-4;Z-5;X-53;X-55;X-57,
182,0.0636894285430119,true,0.028815905373096765,0.13049079767524652,5,Z-4;Z-5;X-53;X-55;X-57,
183,0.040819810061526796,true,0.019446017365043415,0.0826193289896928,5,Z-4;Z-5;X-53;X-55;X-57,
184,0.1031332472870779,true,0.07461646952728493,0.18346537691579054,5,Z-4;Z-5;X-53;X-55;X-57,
185,0.1075489198745446,true,0.08482944297638523,0.18408118240270868,5,Z-4;Z-5;X-53;X-55;X-57,
186,0.0864859424105302,true,0.05126908476993415,0.16499331882644466,5,Z-4;Z-5;X-53;X-55;X-57,
187,0.062390095274532986,true,0.037175191896313076,0.11887222632993272,5,Z-4;Z-5;X-53;X-55;X-57,
188,0.12064304966270878,true,0.09292185730464325,0.20889610722458504,5,Z-4;Z-5;X-53;X-55;X-57,
189,0.05256823788539468,true,0.026734931420661884,0.10477231698043254,5,Z-4;Z-5;X-53;X-55;X-57,
190,0.11895961037449893,true,0.10600278931252884,0.19165186837631684,5,Z-4;Z-5;X-53;X-55;X-57,
191,0.13620216794628806,true,0.10909069460173651,0.23494109824028495,5,Z-4;Z-5;X-53;X-55;X-57,
192,0.061690546350893494,true,0.02617392307369657,0.126862249859741,5,Z-4;Z-5;X-53;X-55;X-57,
193,0.03165982479238247,true,0.010002202088838556,0.06894858761465603,5,Z-4;Z-5;X-53;X-55;X-57,
194,0.06530614816145165,true,0.0346918124239755,0.12838357730324945,5,Z-4;Z-5;X-53;X-55;X-57,
195,0.09339953426492997,true,0.05854017239209765,0.17505390931158282,5,Z-4;Z-5;X-53;X-55;X-57,
196,0.124276889582019,true,0.08982975756050501,0.22089792444761827,5,Z-4;Z-5;X-53;X-55;X-57,
197,0.08605707162685367,true,0.07661827314290508,0.13830555889087603,5,Z-4;Z-5;X-53;X-55;X-57,
198,0.13740447977243408,true,0.11368860366595361,0.22958618854320925,5,Z-4;Z-5;X-53;X-55;X-57,
199,0.05643961511017226,true,0.023984155446499726,0.11709811670251258,5,Z-4;Z-5;X-53;X-55;X-57,
200,0.10452134508025404,true,0.07994368944255693,0.18148145807572372,5,Z-4;Z-5;X-53;X-55;X-57,
201,0.09490991550740706,true,0.05974555387777358,0.1776831248933575,5,Z-4;Z-5;X-53;X-55;X-57,
202,0.022876765987344144,true,0.00938273352627826,0.04769704897865465,5,Z-4;Z-5;X-53;X-55;X-57,
203,0.06208140339697418,true,0.031162178599890945,0.12421281170325338,5,Z-4;Z-5;X-53;X-55;X-57,
204,0.12851937035992747,true,0.11098920976469108,0.21050099322333096,5,Z-4;Z-5;X-53;X-55;X-57,
205,0.10124148644354578,true,0.08852318484962879,0.16486706816903543,5,Z-4;Z-5;X-53;X-55;X-57,
206,0.07431450167250214,true,0.040753324105532486,0.145091496617985,5,Z-4;Z-5;X-53;X-55;X-57,
207,0.06027253060787138,true,0.03043863512436559,0.12024048011762796,5,Z-4;Z-5;X-53;X-55;X-57,
208,0.09170374695747124,true,0.05761450861960489,0.171611296835799,5,Z-4;Z-5;X-53;X-55;X-57,
209,0.04642838103341257,true,0.01827445367224529,0.09780423564636054,5,Z-4;Z-5;X-53;X-55;X-57,
210,0.11300417154216047,true,0.08437984983851349,0.19816283526114856,5,Z-4;Z-5;X-53;X-55;X-57,
211,0.08810785361993798,true,0.06567887253051466,0.15477010513632333,5,Z-4;Z-5;X-53;X-55;X-57,
212,0.11904144575511114,true,0.07882639151042323,0.21874969718800885,5,Z-4;Z-5;X-53;X-55;X-57,
213,0.10104412456610734,true,0.06995774086657439,0.1828011215102893,5,Z-4;Z-5;X-53;X-55;X-57,
214,0.11096548774381476,true,0.08303316765236357,0.19466039766850565,5,Z-4;Z-5;X-53;X-55;X-57,
215,0.0788100281751737,true,0.04386927981208842,0.1531042705443454,5,Z-4;Z-5;X-53;X-55;X-57,
216,0.1334411659407847,true,0.1027552325825259,0.23103041742062466,5,Z-4;Z-5;X-53;X-55;X-57,
217,0.07260450842814184,true,0.04274516589069251,0.1388694035955457,5,Z-4;Z-5;X-53;X-55;X-57,
218,0.04409001290773808,true,0.020713004907512267,0.089484893104734,5,Z-4;Z-5;X-53;X-55;X-57,
219,0.10193375882623112,true,0.08079175579883394,0.17431185316725542,5,Z-4;Z-5;X-53;X-55;X-57,
220,0.1322792752661082,true,0.11280121429470241,0.21807378571513836,5,Z-4;Z-5;X-53;X-55;X-57,
221,0.020665027691196144,true,0.009709901010863638,0.041980801193131904,5,Z-4;Z-5;X-53;X-55;X-57,
222,0.11329585996897264,true,0.08557684241432825,0.19782916277838516,5,Z-4;Z-5;X-53;X-55;X-57,
223,0.11212104407345774,true,0.11369568180864896,0.16622268284753514,5,Z-4;Z-5;X-53;X-55;X-57,
224,0.11578229195825296,true,0.08244122520028523,0.20713112584269508,5,Z-4;Z-5;X-53;X-55;X-57,
225,0.10469596659789121,true,0.08301481691204228,0.17909027905046584,5,Z-4;Z-5;X-53;X-55;X-57,
226,0.07410949356687435,true,0.05062156579002559,0.1348562055568546,5,Z-4;Z-5;X-53;X-55;X-57,
227,0.1129557881839366,true,0.08921159976511053,0.19319355882908482,5,Z-4;Z-5;X-53;X-55;X-57,
228,0.10298347639193206,true,0.08221865693553124,0.17521386426018026,5,Z-4;Z-5;X-53;X-55;X-57,
229,0.017401005781848198,true,0.006753596745102974,0.03659569806853346,5,Z-4;Z-5;X-53;X-55;X-57,
230,0.09162675690238684,true,0.05731539155236777,0.17189019984538156,5,Z-4;Z-5;X-53;X-55;X-57,
231,0.09162675690238684,true,0.05731539155236777,0.17189019984538156,5,Z-4;Z-5;X-53;X-55;X-57,
232,0.12460270169614786,true,0.12294078478251752,0.18847860936094554,5,Z-4;Z-5;X-53;X-55;X-57,
233,0.11656580846106801,true,0.0946347678369196,0.19701773196802866,5,Z-4;Z-5;X-53;X-55;X-57,
234,0.09444277604056493,true,0.07565590788976972,0.16074685900582172,5,Z-4;Z-5;X-53;X-55;X-57,
235,0.06941988005211253,true,0.037853907134767835,0.13568856111465707,5,Z-4;Z-5;X-53;X-55;X-57,
236,0.11301003691738293,true,0.08173524600478169,0.2007405113643146,5,Z-4;Z-5;X-53;X-55;X-57,
237,0.11165959035726175,true,0.08314117486682605,0.19634645483519655,5,Z-4;Z-5;X-53;X-55;X-57,
238,0.046909420082338796,true,0.025670064175160438,0.09163073297705089,5,Z-4;Z-5;X-53;X-55;X-57,
239,0.0929033365618617,true,0.06479803699509248,0.16760020531530717,5,Z-4;Z-5;X-53;X-55;X-57,
240,0.10802682724724849,true,0.08512121974749381,0.18489893276766298,5,Z-4;Z-5;X-53;X-55;X-57,
241,0.09457972852734786,true,0.06880347930036491,0.16783627578817137,5,Z-4;Z-5;X-53;X-55;X-57,
242,0.09457972852734786,true,0.06880347930036491,0.16783627578817137,5,Z-4;Z-5;X-53;X-55;X-57,
243,0.12458652545562734,true,0.13347253680634202,0.17744719485503993,5,Z-4;Z-5;X-53;X-55;X-57,
244,0.03545187798270505,true,0.016560756679669476,0.07200528595633468,5,Z-4;Z-5;X-53;X-55;X-57,
245,0.10778467527794149,true,0.09142810704248983,0.1783206977350014,5,Z-4;Z-5;X-53;X-55;X-57,
246,0.11120413979869492,true,0.08334696531185773,0.19469129326876153,5,Z-4;Z-5;X-53;X-55;X-57,
247,0.0761977346120205,true,0.04704081204647456,0.14356988830538334,5,Z-4;Z-5;X-53;X-55;X-57,
248,0.12626685232274112,true,0.09120475231743636,0.22442423591318617,5,Z-4;Z-5;X-53;X-55;X-57,
249,0.1004129345448971,true,0.07493865609664024,0.1762681064016386,5,Z-4;Z-5;X-53;X-55;X-57,
250,0.130279000162781,true,0.10182930665659998,0.22383469168648548,5,Z-4;Z-5;X-53;X-55;X-57,
251,0.08446097760792386,true,0.054284373558156115,0.1570872751555137,5,Z-4;Z-5;X-53;X-55;X-57,
252,0.011901983196702423,true,0.005624764061910155,0.024211477575060508,5,Z-4;Z-5;X-53;X-55;X-57,
253,0.03348005681851174,true,0.012312560295289626,0.0713583040000674,5,Z-4;Z-5;X-53;X-55;X-57,
254,0.051450399306145485,true,0.0263752569103645,0.10219773043729212,5,Z-4;Z-5;X-53;X-55;X-57,
255,0.09665305046714232,true,0.06668265802608951,0.1752124599147141,5,Z-4;Z-5;X-53;X-55;X-57,
256,0.08611829204135558,true,0.06201318107461935,0.15345044170175776,5,Z-4;Z-5;X-53;X-55;X-57,
257,0.06643002611626736,true,0.03610665450274737,0.1300957552956112,5,Z-4;Z-5;X-53;X-55;X-57,
258,0.11768990150310236,true,0.10456566419193825,0.18996524947143945,5,Z-4;Z-5;X-53;X-55;X-57,
259,0.10193656087217387,true,0.07719972945765698,0.17755729553958813,5,Z-4;Z-5;X-53;X-55;X-57,
260,0.11166841368830147,true,0.08106911413111867,0.1981016057988233,5,Z-4;Z-5;X-53;X-55;X-57,
261,0.06804334497697756,true,0.035068264753995215,0.1351445176810605,5,Z-4;Z-5;X-53;X-55;X-57,
262,0.1282397203001044,true,0.10241023866448555,0.21842768077261468,5,Z-4;Z-5;X-53;X-55;X-57,
263,0.12559461623755475,true,0.10683879661088042,0.207390789319391,5,Z-4;Z-5;X-53;X-55;X-57,
264,0.08958525704789233,true,0.06040041315381066,0.16378291346914758,5,Z-4;Z-5;X-53;X-55;X-57,
265,0.06823763002782127,true,0.04256978524390755,0.12809975908453528,5,Z-4;Z-5;X-53;X-55;X-57,
266,0.0988361866374742,true,0.06386450861960488,0.18335611883852207,5,Z-4;Z-5;X-53;X-55;X-57,
267,0.11369022821697158,true,0.0799269116228346,0.20432187317215658,5,Z-4;Z-5;X-53;X-55;X-57,
268,0.04491716985698301,true,0.019270898871691623,0.09298030897004601,5,Z-4;Z-5;X-53;X-55;X-57,
269,0.09183969044571688,true,0.05797208590243698,0.17166101066530162,5,Z-4;Z-5;X-53;X-55;X-57,
270,0.07673089219848768,true,0.05044382576234219,0.1416521141367734,5,Z-4;Z-5;X-53;X-55;X-57,
271,0.07685297196386627,true,0.050692085063545986,0.14171067534271295,5,Z-4;Z-5;X-53;X-55;X-57,
272,0.02956161946521775,true,0.008160836374313158,0.06561087974519557,5,Z-4;Z-5;X-53;X-55;X-57,
273,0.11887381619657401,true,0.09728461473931463,0.20012217805555732,5,Z-4;Z-5;X-53;X-55;X-57,
274,0.09943659543488009,true,0.07852334214168868,0.17038389889836122,5,Z-4;Z-5;X-53;X-55;X-57,
275,0.07654632925467197,true,0.04663919298687136,0.14495330902411332,5,Z-4;Z-5;X-53;X-55;X-57,
276,0.12153607808304527,true,0.0863669728618766,0.21729802527962272,5,Z-4;Z-5;X-53;X-55;X-57,
277,0.05538832007730167,true,0.02971037288704333,0.10887721877806496,5,Z-4;Z-5;X-53;X-55;X-57,
278,0.12593731282998633,true,0.13078965857136865,0.18371745692696914,5,Z-4;Z-5;X-53;X-55;X-57,
279,0.10689673356976143,true,0.07350022020888386,0.1938458772981236,5,Z-4;Z-5;X-53;X-55;X-57,
280,0.10170931995005764,true,0.07581582148399815,0.17862010418839014,5,Z-4;Z-5;X-53;X-55;X-57,
281,0.10620971424215192,true,0.07820089341890021,0.18751354315658944,5,Z-4;Z-5;X-53;X-55;X-57,
282,0.11966178451009413,true,0.08824661297764355,0.2111475538759584,5,Z-4;Z-5;X-53;X-55;X-57,
283,0.08756619781604275,true,0.0587976070634621,0.16030111975485747,5,Z-4;Z-5;X-53;X-55;X-57,
284,0.07009269806451113,true,0.03799075122687807,0.13738416783051796,5,Z-4;Z-5;X-53;X-55;X-57,
285,0.043393069808168476,true,0.01905226290843505,0.08928996995402876,5,Z-4;Z-5;X-53;X-55;X-57,
286,0.13561512842999912,true,0.13860628748794096,0.20025741652395004,5,Z-4;Z-5;X-53;X-55;X-57,
287,0.10402599271995613,true,0.08785783943626525,0.17231290783070052,5,Z-4;Z-5;X-53;X-55;X-57,
288,0.024576829199911242,true,0.009625225451952518,0.05164677060227462,5,Z-4;Z-5;X-53;X-55;X-57,
289,0.07748873843453238,true,0.03978964808523132,0.1539154204856086,5,Z-4;Z-5;X-53;X-55;X-57,
290,0.09694306830849139,true,0.0664228639738266,0.1759170200350946,5,Z-4;Z-5;X-53;X-55;X-57,
291,0.06397016668613743,true,0.03034976511052389,0.12966209341565607,5,Z-4;Z-5;X-53;X-55;X-57,
292,0.09681203521787272,true,0.07197343861415209,0.17025820997913846,5,Z-4;Z-5;X-53;X-55;X-57,
293,0.1186769283804774,true,0.10934550773876935,0.18782404393916094,5,Z-4;Z-5;X-53;X-55;X-57,
294,0.10031813812785403,true,0.08091549221928611,0.17018981835493566,5,Z-4;Z-5;X-53;X-55;X-57,
295,0.11007863523155118,true,0.08741139213959145,0.18778261574790875,5,Z-4;Z-5;X-53;X-55;X-57,
296,0.06390492255266063,true,0.03303945933475945,0.1267713887080794,5,Z-4;Z-5;X-53;X-55;X-57,
297,0.1411457646142668,true,0.14164779161947905,0.21139387607072566,5,Z-4;Z-5;X-53;X-55;X-57,
298,0.1294709457549593,true,0.10954841449603625,0.21406859244560442,5,Z-4;Z-5;X-53;X-55;X-57,
299,0.1282373050714672,true,0.0929677341554465,0.22761518968143124,5,Z-4;Z-5;X-53;X-55;X-57,
300,0.10393543023770158,true,0.08403066146554256,0.17600507249582384,5,Z-4;Z-5;X-53;X-55;X-57,
301,0.032097486455123586,true,0.01023420787718636,0.06993078683369952,5,Z-4;Z-5;X-53;X-55;X-57,
302,0.09804089594790345,true,0.06740856088251332,0.17786358328576113,5,Z-4;Z-5;X-53;X-55;X-57,
303,0.03884935142211383,true,0.019766368860366597,0.0769064516332889,5,Z-4;Z-5;X-53;X-55;X-57,
304,0.10335981293818944,true,0.08192923954532108,0.17675344819474903,5,Z-4;Z-5;X-53;X-55;X-57,
305,0.10331781000416648,true,0.08175438320540246,0.17680976244794266,5,Z-4;Z-5;X-53;X-55;X-57,
306,0.06956608438861775,true,0.04817279057086531,0.12599633044529687,5,Z-4;Z-5;X-53;X-55;X-57,
307,0.09275279033566275,true,0.07286921689526446,0.15906501487552935,5,Z-4;Z-5;X-53;X-55;X-57,
308,0.11245820870432753,true,0.0860555345832809,0.19502524662061818,5,Z-4;Z-5;X-53;X-55;X-57,
309,0.07666789195725376,true,0.04173666163332075,0.15010444819404686,5,Z-4;Z-5;X-53;X-55;X-57,
310,0.10493311516794514,true,0.07779114760286901,0.18450304778074797,5,Z-4;Z-5;X-53;X-55;X-57,
311,0.048871869288865076,true,0.02521758734952393,0.09648794264091376,5,Z-4;Z-5;X-53;X-55;X-57,
312,0.04407594596186509,true,0.018449047858730756,0.09170600589403792,5,Z-4;Z-5;X-53;X-55;X-57,
313,0.10313505386296537,true,0.08616930917327292,0.1719397732403376,5,Z-4;Z-5;X-53;X-55;X-57,
314,0.12283602599806681,true,0.08766804035065642,0.2197706563419188,5,Z-4;Z-5;X-53;X-55;X-57,
315,0.15178309543403534,true,0.14813084602155951,0.2311172059704343,5,Z-4;Z-5;X-53;X-55;X-57,
316,0.06195709271896449,true,0.03177954993498595,0.12309523358127052,5,Z-4;Z-5;X-53;X-55;X-57,
317,0.10697451175981638,true,0.08227030116186401,0.18542373666837295,5,Z-4;Z-5;X-53;X-55;X-57,
318,0.029146808945027546,true,0.011447453965857137,0.061157419402858265,5,Z-4;Z-5;X-53;X-55;X-57,
319,0.09625215675529361,true,0.06402599513443227,0.17660458757533437,5,Z-4;Z-5;X-53;X-55;X-57,
320,0.06897607469256113,true,0.04186852481020091,0.1307140886043685,5,Z-4;Z-5;X-53;X-55;X-57,
321,0.11159337353769058,true,0.08011304056037918,0.1991191945236144,5,Z-4;Z-5;X-53;X-55;X-57,
322,0.12264011822194198,true,0.12038452665576108,0.18648120880440344,5,Z-4;Z-5;X-53;X-55;X-57,
323,0.09338573686152463,true,0.08198009731135439,0.1513576860880623,5,Z-4;Z-5;X-53;X-55;X-57,
324,0.1251450883054189,true,0.08999517637682983,0.2228339551072885,5,Z-4;Z-5;X-53;X-55;X-57,
325,0.09895334705824667,true,0.06487956671280568,0.18256856190109053,5,Z-4;Z-5;X-53;X-55;X-57,
326,0.05230520585596135,true,0.029461851432406358,0.10129965151167257,5,Z-4;Z-5;X-53;X-55;X-57,
327,0.029668715621972073,true,0.013215416719097354,0.060795379141678096,5,Z-4;Z-5;X-53;X-55;X-57,
328,0.0852884873779044,true,0.05520138626735456,0.15814938163158263,5,Z-4;Z-5;X-53;X-55;X-57,
329,0.14328075907284382,true,0.13258488528165766,0.22649522417215592,5,Z-4;Z-5;X-53;X-55;X-57,
330,0.10680867634282874,true,0.08709707017323098,0.18020743586880886,5,Z-4;Z-5;X-53;X-55;X-57,
331,0.028175941332423383,true,0.011202078352418102,0.059098508514897646,5,Z-4;Z-5;X-53;X-55;X-57,
332,0.14610598411905268,true,0.11915607566796696,0.2488098523260525,5,Z-4;Z-5;X-53;X-55;X-57,
333,0.0999342212750803,true,0.07884579086447716,0.17137620940476114,5,Z-4;Z-5;X-53;X-55;X-57,
334,0.07726168114384421,true,0.04758530472715071,0.1457478876888757,5,Z-4;Z-5;X-53;X-55;X-57,
335,0.12753877712196687,true,0.09823098863302714,0.22031441890642212,5,Z-4;Z-5;X-53;X-55;X-57,
336,0.056761434172213736,true,0.030508105784153347,0.11136459546775586,5,Z-4;Z-5;X-53;X-55;X-57,
337,0.09458153661377325,true,0.06066440166100415,0.1760488880743685,5,Z-4;Z-5;X-53;X-55;X-57,
338,0.11969436618322073,true,0.0815776917914517,0.2177805583818008,5,Z-4;Z-5;X-53;X-55;X-57,
339,0.01360788985497658,true,0.0051806761461348095,0.028850873257119502,5,Z-4;Z-5;X-53;X-55;X-57,
340,0.06428744817040424,true,0.0316469002978063,0.12838835207783442,5,Z-4;Z-5;X-53;X-55;X-57,
341,0.11202422881370679,true,0.08915445031668134,0.19121371259086994,5,Z-4;Z-5;X-53;X-55;X-57,
342,0.11443533801931678,true,0.11710839520154356,0.16865276224220604,5,Z-4;Z-5;X-53;X-55;X-57,
343,0.1183993486170461,true,0.08436674216685541,0.21159750616332115,5,Z-4;Z-5;X-53;X-55;X-57,
344,0.06973862608045184,true,0.04104143072857682,0.13331971118231142,5,Z-4;Z-5;X-53;X-55;X-57,
345,0.06106400185138944,true,0.032772849293234346,0.11992913672777676,5,Z-4;Z-5;X-53;X-55;X-57,
346,0.04384205959007187,true,0.021267721572081708,0.08798982692144303,5,Z-4;Z-5;X-53;X-55;X-57,
347,0.09366410838419317,true,0.0722319218992492,0.1619988329889176,5,Z-4;Z-5;X-53;X-55;X-57,
348,0.09711378813277914,true,0.07221304685206158,0.17066027408610462,5,Z-4;Z-5;X-53;X-55;X-57,
349,0.0239805662501483,true,0.007243037204815235,0.05259554639922312,5,Z-4;Z-5;X-53;X-55;X-57,
350,0.11431309756848043,false,0.08228812759531899,0.2034734238153117,0,Z-4;Z-5;X-53;X-55;X-57,290;92;276;210;28
351,0.11611751461603312,false,0.08568222809445912,0.20468135752458835,0,Z-4;Z-5;X-53;X-55;X-57,85;33;200;343;63
352,0.10678768894767728,false,0.08876321253303134,0.17815641740236815,0,Z-4;Z-5;X-53;X-55;X-57,243;282;87;90;183
353,0.10460618037839783,false,0.08776692462564491,0.17384912133615044,0,Z-4;Z-5;X-53;X-55;X-57,114;118;174;278;322
354,0.07536465457355299,false,0.05040948366259805,0.13816666912427125,0,Z-4;Z-5;X-53;X-55;X-57,30;64;187;15;125
